Prospect ID,Lead Number,Lead Origin,Lead Source,Do Not Email,Do Not Call,Converted,TotalVisits,Total Time Spent on Website,Page Views Per Visit,Last Activity,Country,Specialization,How did you hear about X Education,What is your current occupation,What matters most to you in choosing a course,Search,Magazine,Newspaper Article,X Education Forums,Newspaper,Digital Advertisement,Through Recommendations,Receive More Updates About Our Courses,Tags,Lead Quality,Update me on Supply Chain Content,Get updates on DM Content,Lead Profile,City,Asymmetrique Activity Index,Asymmetrique Profile Index,Asymmetrique Activity Score,Asymmetrique Profile Score,I agree to pay the amount through cheque,A free copy of Mastering The Interview,Last Notable Activity,pred_proba,pred_label
8e607053-48ff-4548-ac31-b5d55cac99ec,660500,Lead Add Form,Google,No,No,0,4,1404,3.26,Email Opened,,"Banking, Investment And Insurance",Multiple Sources,,Better Career Prospects,No,No,No,No,No,No,No,No,,,No,No,Select,Thane & Outskirts,02.Medium,02.Medium,15,13,No,No,Email Opened,0.8028397,1
3576e113-5200-499c-9193-aeabb543507c,660499,API,YouTube,No,No,1,4,619,4.0,Had a Phone Conversation,,Marketing Management,Reference,,,No,No,No,No,No,No,No,No,Busy,,No,No,Select,Other Cities of Maharashtra,02.Medium,02.Medium,14,16,Yes,No,Page Visited on Website,0.51637614,1
405e32fa-f11e-4003-b455-999069f12bcc,660498,API,Reference,No,No,0,8,555,8.0,Unreachable,Bahrain,Select,Select,Student,Affordable Fees,No,No,No,No,No,No,No,No,Ringing,,No,No,Other Leads,Select,03.Low,01.High,11,15,No,No,Unreachable,0.0020405245,0
b6eb0e42-6e3f-4076-82ef-7484123c9af4,660497,Landing Page Submission,Google,No,No,0,14,309,14.0,SMS Sent,India,Healthcare Management,Multiple Sources,Working Professional,,No,No,No,No,No,No,No,No,Diploma holder (Not Eligible),Might be,No,No,Lateral Student,Other Metro Cities,01.High,01.High,18,15,No,Yes,Unreachable,0.08535464,0
90b3012e-da8a-4b14-81ca-5cc36b96545f,660496,API,Olark Chat,No,No,0,0,0,0.0,Form Submitted on Website,Kuwait,"Banking, Investment And Insurance",Email,Student,,No,No,No,No,No,No,No,No,Ringing,Worst,No,No,Other Leads,Other Cities,02.Medium,01.High,16,15,No,No,Olark Chat Conversation,0.0004678665,0
c46471c5-317d-428d-a728-dac600621839,660495,Landing Page Submission,Direct Traffic,No,No,0,16,1805,16.0,Unreachable,Qatar,Select,Reference,Businessman,,No,No,No,No,No,No,No,No,Interested in other courses,,No,No,Other Leads,Other Metro Cities,02.Medium,02.Medium,16,14,No,No,Unreachable,0.72300035,1
c63cca8e-a68e-425e-a9f8-898bbe97c6dd,660494,Landing Page Submission,YouTube,No,No,1,4,1393,4.0,Olark Chat Conversation,Saudi Arabia,Marketing Management,Word Of Mouth,Other,,No,No,No,No,No,No,No,No,Lost to EINS,,No,No,Dual Specialization Student,Mumbai,01.High,01.High,16,17,No,No,Modified,0.96462184,1
f48fbb26-f4f3-49fb-841d-07ca720cfb52,660493,Lead Add Form,Email,No,No,0,10,1221,10.0,Email Link Clicked,India,"Banking, Investment And Insurance",Other,Other,Affordable Fees,No,No,No,No,No,No,No,No,Closed by Horizzon,High in Relevance,No,No,Potential Lead,Other Metro Cities,02.Medium,01.High,16,15,No,No,Email Link Clicked,0.99062765,1
2dec23f1-ebc8-4eaf-a281-99a19de726c6,660492,Lead Import,Direct Traffic,No,No,0,16,1264,16.0,SMS Sent,Bahrain,"Banking, Investment And Insurance",Select,,Affordable Fees,No,No,No,No,No,No,No,No,Interested in other courses,Low in Relevance,No,No,Potential Lead,Other Cities,02.Medium,02.Medium,16,13,No,Yes,Page Visited on Website,0.3974316,0
2225a608-1e28-437f-af4d-b82d553b608c,660491,API,Organic Search,No,No,0,16,1415,16.0,Unsubscribed,India,Finance Management,Select,Unemployed,Flexibility & Convenience,No,No,No,No,No,No,No,No,Interested in other courses,Might be,No,No,,,01.High,02.Medium,15,14,No,Yes,Unsubscribed,0.30115783,0
69112a5b-38c3-48c7-a437-6b589d54b179,660490,Lead Add Form,Referral Sites,No,No,0,14,922,14.0,Form Submitted on Website,Qatar,Supply Chain Management,Select,Businessman,Affordable Fees,No,No,No,No,No,No,No,No,Will revert after reading the email,High in Relevance,No,No,Potential Lead,Other Cities,01.High,02.Medium,17,15,No,Yes,Modified,0.98916245,1
08a20d33-9b6c-40de-a396-6681c298ad94,660489,Quick Add Form,Referral Sites,No,No,0,10,508,10.0,Unsubscribed,India,IT Projects Management,Online Search,Unemployed,Affordable Fees,No,No,No,No,No,No,No,No,Busy,Worst,No,No,,,02.Medium,,14,15,No,Yes,Unsubscribed,0.9272582,1
89c94853-fba3-4835-bc01-a1c3b2bd35a3,660488,Lead Add Form,Reference,Yes,No,1,17,1781,17.0,View in browser link Clicked,Kuwait,Media and Advertising,Word Of Mouth,Other,Flexibility & Convenience,No,No,No,No,No,No,No,No,Busy,Worst,No,No,Other Leads,Mumbai,02.Medium,01.High,12,17,No,Yes,Olark Chat Conversation,0.6232794,1
8466d069-64d7-486d-8c47-24774f11991c,660487,API,Reference,No,No,1,16,900,16.0,Email Link Clicked,Qatar,Finance Management,Select,Unemployed,Affordable Fees,No,No,No,No,No,No,No,No,switched off,,No,No,,Mumbai,01.High,02.Medium,18,15,No,No,Email Link Clicked,0.0030457494,0
12c54ee4-bf9f-44a0-a04d-61d206919f0f,660486,Quick Add Form,Reference,No,No,1,1,1437,1.0,SMS Sent,United States,Select,Online Search,Unemployed,Quality Education,No,No,No,No,No,No,No,No,Ringing,Worst,No,No,Lateral Student,Other Cities,03.Low,02.Medium,12,13,No,No,Unreachable,0.7354016,1
49ceb9fd-95ff-41d1-ae54-ba8f15047783,660485,Quick Add Form,Direct Traffic,No,No,1,13,1693,13.0,SMS Sent,Qatar,Select,Online Search,Student,Better Career Prospects,No,No,No,No,No,No,No,No,number not provided,Low in Relevance,No,No,Other Leads,Other Cities,02.Medium,03.Low,13,12,Yes,No,Modified,0.5073434,1
2f271e8e-ecc5-4511-9ea0-0d5e0611f55a,660484,Quick Add Form,Reference,Yes,No,0,12,1178,12.0,View in browser link Clicked,Oman,Marketing Management,Select,Working Professional,Affordable Fees,No,No,No,No,No,No,No,No,Lost to EINS,,No,No,Select,Thane & Outskirts,02.Medium,02.Medium,14,14,No,No,Modified,0.993346,1
91ee70a7-586b-4f1c-b3b2-56b988da058f,660483,Lead Add Form,Facebook,No,No,1,15,1336,15.0,Email Opened,,Select,Reference,Businessman,Better Career Prospects,No,No,No,No,No,No,No,No,Lost to EINS,High in Relevance,No,No,Select,Other Metro Cities,01.High,,15,11,No,Yes,Email Opened,0.9898241,1
06a99752-7394-4988-8fcf-e995c24a4f4c,660482,Lead Add Form,Organic Search,Yes,No,0,1,413,8.1,Email Link Clicked,Saudi Arabia,Retail Management,Email,Unemployed,Better Career Prospects,No,No,No,No,No,No,No,No,,Low in Relevance,No,No,Potential Lead,Thane & Outskirts,02.Medium,02.Medium,12,16,No,No,Email Link Clicked,0.012640841,0
f09db3bb-8ecc-4527-b14c-45091fcf500b,660481,Lead Add Form,YouTube,No,No,1,9,383,5.53,Email Link Clicked,Qatar,Finance Management,Select,Unemployed,Better Career Prospects,No,No,No,No,No,No,No,No,Diploma holder (Not Eligible),Low in Relevance,No,No,Dual Specialization Student,Thane & Outskirts,02.Medium,02.Medium,12,16,No,No,Email Link Clicked,0.02696088,0
b4da6b59-55e3-4701-9381-5bf076a732e3,660480,Landing Page Submission,Olark Chat,No,No,0,13,1716,13.0,Unsubscribed,UAE,Human Resource Management,Other,Working Professional,Flexibility & Convenience,No,No,No,No,No,No,No,No,Ringing,,No,No,Other Leads,,02.Medium,02.Medium,12,12,No,No,Unsubscribed,0.39690807,0
dc4e253d-adab-46e7-8eec-07bddd771034,660479,API,Referral Sites,No,No,0,17,1467,17.0,View in browser link Clicked,UAE,Supply Chain Management,Online Search,Unemployed,Quality Education,No,No,No,No,No,No,No,No,in touch with EINS,,No,No,Select,Other Metro Cities,02.Medium,02.Medium,12,16,No,No,Olark Chat Conversation,0.61604685,1
e56387d5-e687-4c31-86c0-ecc4881e7139,660478,Lead Import,Welingak Website,No,No,0,12,1550,12.0,Page Visited on Website,United Kingdom,International Business,Reference,,Flexibility & Convenience,No,No,No,No,No,No,No,No,,Might be,No,No,Other Leads,Other Cities of Maharashtra,01.High,02.Medium,18,15,No,Yes,Page Visited on Website,0.9905449,1
bc01a577-e76e-4032-b530-237b92ab8b56,660477,Landing Page Submission,Direct Traffic,No,No,1,7,350,7.64,Email Link Clicked,Oman,Business Administration,Reference,,Flexibility & Convenience,No,No,No,No,No,No,No,No,number not provided,Worst,No,No,Select,Thane & Outskirts,02.Medium,03.Low,15,13,No,Yes,Email Link Clicked,0.0032811735,0
d0142cab-dd72-41b9-b19b-410e83f43a23,660476,Lead Import,Email,No,No,1,13,1433,13.0,View in browser link Clicked,India,Operations Management,Online Search,Unemployed,Flexibility & Convenience,No,No,No,No,No,No,No,No,in touch with EINS,High in Relevance,No,No,Lateral Student,Mumbai,02.Medium,02.Medium,14,14,No,No,Email Opened,0.46639937,0
2642ff74-356d-4d76-8e72-735b0cdcb8ca,660475,Lead Add Form,Olark Chat,No,No,1,5,100,5.0,Page Visited on Website,Qatar,E-COMMERCE,Student of SomeSchool,Unemployed,Flexibility & Convenience,No,No,No,No,No,No,No,No,Lost to EINS,Might be,No,No,Lateral Student,,03.Low,03.Low,10,11,No,No,Page Visited on Website,0.99057966,1
fc6480b5-4729-43b0-98e1-2f3c1586d02f,660474,Quick Add Form,Google,No,No,0,17,1397,17.0,Email Opened,Oman,Hospitality Management,Online Search,,,No,No,No,No,No,No,No,No,Busy,,No,No,Select,Mumbai,02.Medium,02.Medium,15,13,No,No,Email Opened,0.77172136,1
2bb6e019-4002-4315-8fab-679c4375f619,660473,Lead Add Form,Reference,No,No,0,11,450,11.0,Email Opened,Kuwait,Operations Management,Select,,Flexibility & Convenience,No,No,No,No,No,No,No,No,Already a student,,No,No,Other Leads,,02.Medium,01.High,16,17,No,No,Email Opened,0.00055270357,0
62df1c4f-2228-4de2-80fb-57c5547dd0ef,660472,Landing Page Submission,Welingak Website,No,Yes,1,17,291,1.55,Modified,India,Select,Word Of Mouth,Businessman,Quality Education,No,No,No,No,No,No,No,No,in touch with EINS,,No,No,Select,,02.Medium,02.Medium,16,16,No,No,Modified,0.7746289,1
37011436-c42a-43c2-b1a7-42afe2d484c0,660471,Lead Import,Facebook,Yes,Yes,0,3,1741,2.56,Page Visited on Website,Kuwait,Services Excellence,Email,Student,Affordable Fees,No,No,No,No,No,No,No,No,Closed by Horizzon,Low in Relevance,No,No,Select,,02.Medium,01.High,13,17,No,No,Page Visited on Website,0.73262644,1
d61cc048-8f64-4f8c-b20e-b57bc34f6d80,660470,Lead Import,Email,Yes,No,0,1,925,1.0,Email Opened,India,Healthcare Management,Online Search,Student,Quality Education,No,No,No,No,No,No,No,No,Will revert after reading the email,Not Sure,No,No,Other Leads,Mumbai,02.Medium,01.High,14,16,No,No,Email Opened,0.9815984,1
05b486e1-dff8-493e-b8d8-8d90b7334e34,660469,API,Referral Sites,Yes,No,0,8,338,8.0,Page Visited on Website,United States,Human Resource Management,Select,Student,,No,No,No,No,No,No,No,No,Diploma holder (Not Eligible),Worst,No,No,Lateral Student,Mumbai,01.High,02.Medium,15,16,No,Yes,Page Visited on Website,0.0031215511,0
a2a5e2ae-f062-426c-af98-a57e9094386e,660468,Quick Add Form,Welingak Website,No,No,0,6,1682,6.0,Unsubscribed,Qatar,Select,Word Of Mouth,Student,Better Career Prospects,No,No,No,No,No,No,No,No,Already a student,Low in Relevance,No,No,Potential Lead,,02.Medium,02.Medium,15,14,No,No,Unsubscribed,0.99647164,1
b44a8a03-5a7d-4df1-93de-9783af05190f,660467,API,Olark Chat,No,No,0,5,276,5.0,Page Visited on Website,United States,Supply Chain Management,Select,Businessman,Flexibility & Convenience,No,No,No,No,No,No,No,No,,,No,No,Dual Specialization Student,Other Cities of Maharashtra,01.High,02.Medium,18,15,No,Yes,Page Visited on Website,0.19260749,0
434266f5-d762-4981-8b0b-fbc3ecb2cb1d,660466,API,Olark Chat,No,No,0,1,1424,1.0,Form Submitted on Website,United States,Business Administration,Other,Businessman,Flexibility & Convenience,No,No,No,No,No,No,No,No,Lost to EINS,Might be,No,No,Other Leads,Other Cities of Maharashtra,01.High,01.High,16,15,No,Yes,Page Visited on Website,0.99946696,1
757c6afd-6939-401c-8ed5-28b4ad1b0d75,660465,Landing Page Submission,Facebook,No,No,1,13,357,2.1,Olark Chat Conversation,Saudi Arabia,Hospitality Management,Other,Unemployed,Quality Education,No,No,No,No,No,No,No,No,Will revert after reading the email,Worst,No,No,Select,Thane & Outskirts,03.Low,03.Low,12,13,No,No,Modified,0.05273416,0
8ee01978-155d-4107-b71b-f997406b4687,660464,Landing Page Submission,Direct Traffic,No,No,0,6,606,6.0,Email Bounced,United States,"Banking, Investment And Insurance",Email,Businessman,Better Career Prospects,No,No,No,No,No,No,No,No,Lost to EINS,Worst,No,No,Select,,01.High,01.High,18,18,No,Yes,Unreachable,0.99391645,1
ab503126-6f9d-4046-a69c-23bc7c374796,660463,API,Google,No,No,0,1,620,1.0,SMS Sent,,IT Projects Management,Other,Other,Flexibility & Convenience,No,No,No,No,No,No,No,No,,,No,No,Select,Other Cities,02.Medium,02.Medium,12,15,No,Yes,Email Opened,0.8531947,1
4e897a58-2071-4596-bd1e-c0c47b1c9f15,660462,Quick Add Form,Olark Chat,No,Yes,0,9,1628,9.0,Modified,UAE,Supply Chain Management,Reference,Unemployed,Affordable Fees,No,No,No,No,No,No,No,No,Diploma holder (Not Eligible),,No,No,Other Leads,,02.Medium,,15,15,No,No,Modified,0.25755167,0
3043733d-1bb2-49be-a57a-cae63464f9e2,660461,Lead Add Form,Olark Chat,Yes,No,1,9,933,9.0,Converted to Lead,Kuwait,Healthcare Management,Reference,,Better Career Prospects,No,No,No,No,No,No,No,No,,Not Sure,No,No,Dual Specialization Student,Other Metro Cities,01.High,02.Medium,15,15,No,No,Olark Chat Conversation,0.28648877,0
03e37300-d455-4296-9a38-e37c8c602d5b,660460,Lead Add Form,Direct Traffic,No,No,0,2,1242,2.0,Olark Chat Conversation,Bahrain,Select,Word Of Mouth,,,No,No,No,No,No,No,No,No,Will revert after reading the email,Not Sure,No,No,Lateral Student,,01.High,01.High,18,17,No,Yes,Email Opened,0.99166965,1
01839fd6-071d-41c4-b04b-a2a1bd9b8d13,660459,Quick Add Form,Email,Yes,No,0,12,1459,12.0,Modified,Kuwait,IT Projects Management,Reference,Unemployed,Better Career Prospects,No,No,No,No,No,No,No,No,Closed by Horizzon,,No,No,Lateral Student,Mumbai,02.Medium,03.Low,12,11,No,No,Modified,0.99908173,1
d910d443-80f3-4863-b45f-9ae0191b6016,660458,API,Reference,No,No,1,17,1580,17.0,View in browser link Clicked,,Select,Multiple Sources,Unemployed,Flexibility & Convenience,No,No,No,No,No,No,No,No,Will revert after reading the email,Low in Relevance,No,No,Potential Lead,,03.Low,02.Medium,9,15,No,Yes,Unreachable,0.9947976,1
b7daa8fb-eac4-48c7-8e1a-6bf98734c45e,660457,Landing Page Submission,Olark Chat,No,No,1,0,0,0.0,SMS Sent,,Select,Select,Student,Quality Education,No,No,No,No,No,No,No,No,in touch with EINS,Not Sure,No,No,Other Leads,,01.High,01.High,18,18,No,Yes,Page Visited on Website,0.029790848,0
174cb290-1d08-4045-8263-5d1aaa61f3b6,660456,API,Email,No,No,0,4,698,4.0,Converted to Lead,Saudi Arabia,Hospitality Management,Multiple Sources,,Flexibility & Convenience,No,No,No,No,No,No,No,No,number not provided,High in Relevance,No,No,Potential Lead,Other Cities of Maharashtra,02.Medium,01.High,12,17,No,No,Unreachable,0.0014943947,0
8e64f3d4-3ff6-40a4-ba44-aa335afbe2e3,660455,Quick Add Form,Olark Chat,No,No,1,5,576,5.0,Had a Phone Conversation,Singapore,IT Projects Management,Email,,Quality Education,No,No,No,No,No,No,No,No,Diploma holder (Not Eligible),Not Sure,No,No,Dual Specialization Student,,01.High,02.Medium,15,16,No,No,Email Opened,0.020113714,0
e82e4a11-2319-4f4a-b1cf-dd2b91d4f2e5,660454,Quick Add Form,Email,No,No,1,17,1311,17.0,Email Opened,United Kingdom,Healthcare Management,Reference,Businessman,,No,No,No,No,No,No,No,No,Diploma holder (Not Eligible),Low in Relevance,No,No,Potential Lead,Mumbai,02.Medium,01.High,15,17,No,No,Email Opened,0.8779278,1
140836fe-fc8b-4bda-9fe1-08b0fa21c53d,660453,Lead Import,Organic Search,No,No,0,12,623,7.99,Unsubscribed,Qatar,Select,Other,Businessman,Flexibility & Convenience,No,No,No,No,No,No,No,No,opp hangup,High in Relevance,No,No,Potential Lead,Other Metro Cities,02.Medium,02.Medium,12,12,No,No,Unsubscribed,0.8139613,1
61d24d47-a958-4a71-a39b-8fd87b9e961a,660452,API,Reference,No,No,1,3,1716,3.0,Unreachable,India,IT Projects Management,Select,Unemployed,Quality Education,No,No,No,No,No,No,No,No,,,No,No,Lateral Student,Other Cities,02.Medium,02.Medium,12,16,Yes,Yes,Unreachable,0.9936645,1
6e705fe5-61bf-4762-a4ab-2d081a440c48,660451,Lead Add Form,Reference,Yes,No,0,7,1129,7.0,Email Opened,India,Supply Chain Management,Select,,Quality Education,No,No,No,No,No,No,No,No,,High in Relevance,No,No,Dual Specialization Student,Other Metro Cities,01.High,02.Medium,16,16,No,No,Email Opened,0.6713661,1
83c078d4-d83b-4975-b031-cb49a48346de,660450,API,Referral Sites,No,No,0,6,892,7.09,SMS Sent,,Select,Reference,,Flexibility & Convenience,No,No,No,No,No,No,No,No,Interested in other courses,Worst,No,No,Lateral Student,,02.Medium,02.Medium,15,14,No,Yes,Email Opened,0.058516245,0
54a3240d-d229-4bff-80ee-9a373fc0e203,660449,Landing Page Submission,Email,Yes,No,0,6,896,6.0,Email Bounced,Kuwait,IT Projects Management,Student of SomeSchool,,,No,No,No,No,No,No,No,No,Closed by Horizzon,Might be,No,No,Select,Other Metro Cities,01.High,01.High,15,15,No,Yes,Olark Chat Conversation,0.5139407,1
0a061981-03b4-46cc-9dd1-4c42341bf998,660448,Lead Import,Reference,No,No,1,0,0,0.0,SMS Sent,Saudi Arabia,Marketing Management,Reference,,Quality Education,No,No,No,No,No,No,No,No,,Low in Relevance,No,No,Select,Other Cities,01.High,02.Medium,16,12,No,Yes,Olark Chat Conversation,0.016384073,0
455ae06e-1aca-4974-a472-9301777069d6,660447,Quick Add Form,Organic Search,Yes,No,0,9,1495,9.0,Unreachable,Kuwait,Healthcare Management,Reference,Unemployed,Better Career Prospects,No,No,No,No,No,No,No,No,Diploma holder (Not Eligible),Not Sure,No,No,Select,Other Cities,02.Medium,02.Medium,12,16,No,No,Unreachable,0.5875602,1
a4df1c6d-98af-4937-9ac8-f2b65fc30816,660446,Quick Add Form,YouTube,No,No,1,16,727,16.0,Email Opened,Bahrain,IT Projects Management,Other,Other,,No,No,No,No,No,No,No,No,Diploma holder (Not Eligible),Low in Relevance,No,No,Other Leads,,02.Medium,02.Medium,14,13,No,No,Email Opened,0.016684523,0
f126cfee-e502-475a-bc02-8982a47e926c,660445,Lead Add Form,Welingak Website,No,No,1,3,739,3.0,Olark Chat Conversation,Bahrain,Select,Email,Working Professional,Flexibility & Convenience,No,No,No,No,No,No,No,No,switched off,,No,No,Other Leads,Other Cities,02.Medium,01.High,15,18,No,No,Email Opened,0.07872882,0
d8ee15f9-a9a4-424e-8368-dc617912ec9b,660444,Lead Add Form,Welingak Website,No,No,0,9,1847,9.0,View in browser link Clicked,Kuwait,Media and Advertising,Online Search,Working Professional,,No,No,No,No,No,No,No,No,Interested in other courses,Low in Relevance,No,No,Potential Lead,,02.Medium,,13,11,No,No,Email Opened,0.8730884,1
f955ab05-b0af-4ffd-aa84-04f7c6287c0f,660443,Quick Add Form,Facebook,No,No,0,14,551,14.0,SMS Sent,Singapore,Finance Management,Other,,Better Career Prospects,No,No,No,No,No,No,No,No,Closed by Horizzon,Not Sure,No,No,Other Leads,Other Cities of Maharashtra,02.Medium,,16,16,No,No,Page Visited on Website,0.99553865,1
e2af60a4-e3dc-415c-9426-6d600c684b6a,660442,Quick Add Form,Referral Sites,No,No,1,9,1628,9.0,Modified,United Kingdom,Media and Advertising,Select,,,No,No,No,No,No,No,No,No,Graduation in progress,Worst,No,No,Dual Specialization Student,Other Cities of Maharashtra,02.Medium,02.Medium,14,14,No,Yes,Modified,0.85379374,1
9eea68b3-cce9-4ad3-8fc8-8c6056a7f5c1,660441,Landing Page Submission,Email,No,No,0,5,1770,5.0,Olark Chat Conversation,Qatar,Services Excellence,Online Search,Student,Better Career Prospects,No,No,No,No,No,No,No,No,Will revert after reading the email,Worst,No,No,Lateral Student,Mumbai,02.Medium,01.High,15,15,No,No,Olark Chat Conversation,0.99083763,1
f75b9810-9062-49cd-9a0a-9c0216ef512c,660440,Landing Page Submission,Organic Search,Yes,No,0,3,1479,3.0,Modified,India,"Banking, Investment And Insurance",Email,Businessman,Flexibility & Convenience,No,No,No,No,No,No,No,No,number not provided,Might be,No,No,Select,Other Cities of Maharashtra,01.High,02.Medium,17,16,No,No,Modified,0.03930717,0
b32bfe8c-f20b-437c-94ad-ceb6b7cc15d8,660439,Quick Add Form,Google,No,No,0,4,498,8.25,Email Bounced,Singapore,International Business,Email,Businessman,Better Career Prospects,No,No,No,No,No,No,No,No,number not provided,,No,No,Other Leads,Mumbai,01.High,02.Medium,18,14,No,No,Modified,0.0046656164,0
7b27dbe8-a69f-4cf8-b569-bb292c3794c9,660438,Lead Add Form,Olark Chat,No,No,0,3,761,3.0,Unsubscribed,,IT Projects Management,Word Of Mouth,,Flexibility & Convenience,No,No,No,No,No,No,No,No,Ringing,,No,No,Select,,02.Medium,,15,10,No,No,Unsubscribed,0.16912436,0
aef3f6d6-de3d-4d77-9338-6dd0991de8dd,660437,Lead Import,Direct Traffic,No,No,1,15,1295,15.0,Unsubscribed,Qatar,Healthcare Management,Reference,Businessman,Better Career Prospects,No,No,No,No,No,No,No,No,Interested in other courses,Worst,No,No,,,02.Medium,01.High,15,16,No,No,Unsubscribed,0.85226214,1
61abde2c-46dd-4ca3-b8cc-b37300437cce,660436,Lead Add Form,Olark Chat,No,No,0,4,1362,4.0,Olark Chat Conversation,,IT Projects Management,Other,Unemployed,Flexibility & Convenience,No,No,No,No,No,No,No,No,Already a student,High in Relevance,No,No,Dual Specialization Student,,02.Medium,02.Medium,16,13,No,Yes,Modified,0.028206376,0
faaf92dd-4f31-4e85-8805-90b7703ca556,660435,Lead Add Form,Reference,No,No,0,3,929,3.61,Form Submitted on Website,United States,"Banking, Investment And Insurance",Email,,Better Career Prospects,No,No,No,No,No,No,No,No,in touch with EINS,Worst,No,No,Lateral Student,,02.Medium,02.Medium,14,15,No,No,Unreachable,0.84803176,1
1f1bb33c-7368-4f20-a514-69c079802ef8,660434,Quick Add Form,Referral Sites,No,No,0,15,1477,15.0,Converted to Lead,Bahrain,Operations Management,Other,Student,,No,No,No,No,No,No,No,No,,Worst,No,No,Dual Specialization Student,,01.High,02.Medium,16,13,No,No,Olark Chat Conversation,0.6177424,1
9fe8cd75-6c79-4493-90cd-8ffcc5960be7,660433,Lead Import,Welingak Website,No,No,0,10,1545,10.0,Had a Phone Conversation,Qatar,IT Projects Management,Word Of Mouth,Working Professional,Quality Education,No,No,No,No,No,No,No,No,Already a student,Worst,No,No,Dual Specialization Student,Other Cities,01.High,01.High,16,16,No,No,Olark Chat Conversation,0.9530105,1
6bf26b2a-7551-4941-8cfd-34f2b44104f4,660432,API,Welingak Website,No,No,0,14,603,14.0,Unsubscribed,United States,Select,Word Of Mouth,Other,Affordable Fees,No,No,No,No,No,No,No,No,,Might be,No,No,Lateral Student,Thane & Outskirts,02.Medium,01.High,15,15,No,Yes,Unsubscribed,0.9945952,1
2aed17ad-d1a6-455a-9fe2-ad97e5af0070,660431,Lead Add Form,Email,No,No,1,7,1413,7.0,Converted to Lead,Saudi Arabia,Supply Chain Management,Select,,Flexibility & Convenience,No,No,No,No,No,No,No,No,Already a student,Worst,No,No,Dual Specialization Student,,03.Low,02.Medium,9,16,No,No,Olark Chat Conversation,0.005234959,0
e514a8d2-3564-446f-be1a-df7f66496f77,660430,Lead Add Form,Email,No,No,0,10,462,10.0,Unsubscribed,Saudi Arabia,Retail Management,Student of SomeSchool,Working Professional,Flexibility & Convenience,No,No,No,No,No,No,No,No,Ringing,,No,No,Select,Thane & Outskirts,01.High,01.High,18,17,No,Yes,Unsubscribed,0.004471652,0
a66639b4-22fb-49c7-a85d-982ecb322e8f,660429,Lead Import,Welingak Website,No,Yes,1,4,1172,4.0,Unsubscribed,Kuwait,Supply Chain Management,Word Of Mouth,Student,Quality Education,No,No,No,No,No,No,No,No,Closed by Horizzon,Might be,No,No,Potential Lead,Thane & Outskirts,01.High,02.Medium,17,12,No,No,Unsubscribed,0.99995995,1
6d55174c-863d-48b4-89a0-924e72057ed4,660428,Lead Add Form,Email,No,No,0,11,1861,7.84,Email Bounced,Oman,Business Administration,Word Of Mouth,,Flexibility & Convenience,No,No,No,No,No,No,No,No,switched off,,No,No,Lateral Student,Other Cities of Maharashtra,01.High,02.Medium,16,13,No,No,Page Visited on Website,0.86040074,1
cc658165-1a70-4876-87d7-1aeeee6acf5f,660427,Quick Add Form,YouTube,No,No,0,13,1393,13.0,Unreachable,UAE,Healthcare Management,Select,Working Professional,Better Career Prospects,No,No,No,No,No,No,No,No,,Not Sure,No,No,Select,Thane & Outskirts,02.Medium,02.Medium,15,16,No,No,Unreachable,0.9966897,1
bd1716df-0657-4315-bb68-0bcfcadb40d6,660426,Lead Add Form,Google,No,No,0,10,165,1.01,SMS Sent,Saudi Arabia,Hospitality Management,Email,,Quality Education,No,No,No,No,No,No,No,No,Diploma holder (Not Eligible),Worst,No,No,Lateral Student,Other Metro Cities,,02.Medium,17,14,No,No,Modified,0.010538814,0
1800deb3-e140-46e4-9deb-ce97bd63fc53,660425,Lead Add Form,Organic Search,Yes,No,0,4,899,1.43,Converted to Lead,,"Banking, Investment And Insurance",Word Of Mouth,Student,Flexibility & Convenience,No,No,No,No,No,No,No,No,,,No,No,Select,,,02.Medium,11,12,No,No,Unreachable,0.88666385,1
17cac454-de13-4212-8d8a-5c39570908ca,660424,Landing Page Submission,Facebook,No,No,0,6,701,6.0,SMS Sent,Bahrain,Business Administration,Select,,Quality Education,No,No,No,No,No,No,No,No,,Low in Relevance,No,No,Lateral Student,Mumbai,02.Medium,02.Medium,16,16,No,No,Modified,0.22916125,0
62c18d23-a6a3-44c8-9166-d7421712dcf9,660423,Lead Import,Google,No,No,0,4,1510,6.95,Modified,,Retail Management,Student of SomeSchool,Working Professional,,No,No,No,No,No,No,No,No,in touch with EINS,,No,No,Dual Specialization Student,,01.High,02.Medium,15,12,No,No,Modified,0.20954266,0
6dec5d98-e972-49ef-a0a1-cd4047d11ad6,660422,Lead Add Form,Welingak Website,No,No,1,15,1576,15.0,Email Opened,,Services Excellence,Multiple Sources,Unemployed,Flexibility & Convenience,No,No,No,No,No,No,No,No,Interested in other courses,,No,No,Potential Lead,Mumbai,01.High,02.Medium,18,12,No,No,Email Opened,0.62999076,1
589fbb66-6ef4-41bc-90b3-50544ae6caef,660421,Lead Import,Direct Traffic,No,No,0,2,298,2.0,Had a Phone Conversation,Saudi Arabia,Operations Management,Reference,Other,Affordable Fees,No,No,No,No,No,No,No,No,Diploma holder (Not Eligible),Not Sure,No,No,Potential Lead,Other Metro Cities,02.Medium,01.High,15,16,No,Yes,Page Visited on Website,0.0025983748,0
c5fcd6d8-394a-4e8a-b7a5-187172d32ebf,660420,Lead Add Form,Direct Traffic,No,No,0,5,923,5.0,Email Link Clicked,Singapore,Marketing Management,Select,Unemployed,Affordable Fees,No,No,No,No,No,No,No,No,Ringing,Not Sure,Yes,No,Other Leads,,02.Medium,01.High,16,15,No,Yes,Email Link Clicked,0.014249145,0
271f6b79-c587-401b-972e-41f8d0c2f5e1,660419,API,Organic Search,No,No,1,0,0,0.0,Unreachable,United Kingdom,Rural and Agribusiness,Select,Working Professional,Better Career Prospects,No,No,No,No,No,No,No,No,Diploma holder (Not Eligible),Not Sure,No,No,Other Leads,,,02.Medium,12,14,No,Yes,Unreachable,0.02375587,0
8f1e2f20-665c-4659-99e0-f955c99fdd38,660418,Lead Add Form,Olark Chat,No,No,0,5,1179,5.0,Email Opened,Oman,Supply Chain Management,Online Search,Other,Quality Education,No,No,No,No,No,No,No,No,number not provided,Low in Relevance,No,No,Select,Other Metro Cities,01.High,02.Medium,16,14,No,No,Email Opened,0.16275784,0
2b56255e-6e22-4fdf-8242-bcf7276ec30c,660417,API,Referral Sites,No,No,0,0,0,0.0,View in browser link Clicked,,Select,Select,Businessman,Flexibility & Convenience,No,No,No,No,No,No,No,No,Busy,Might be,No,No,Potential Lead,Mumbai,02.Medium,02.Medium,15,16,No,Yes,Olark Chat Conversation,0.21119636,0
10521674-bb56-4e47-904d-1ad03dab72f1,660416,Lead Import,YouTube,No,No,0,14,446,14.0,SMS Sent,UAE,Business Administration,Other,,Affordable Fees,No,No,No,No,No,No,No,No,Diploma holder (Not Eligible),,No,No,Lateral Student,,,01.High,14,18,No,No,Page Visited on Website,0.067884624,0
e01bc27d-b405-4c2b-82b8-43ea4f98b078,660415,Landing Page Submission,Direct Traffic,Yes,No,1,4,883,6.36,View in browser link Clicked,,International Business,Word Of Mouth,Other,Better Career Prospects,No,No,No,No,No,No,No,No,Already a student,Worst,No,No,Other Leads,Other Cities of Maharashtra,02.Medium,01.High,13,18,No,No,Olark Chat Conversation,0.006107222,0
00e3e739-4139-4567-8747-5a0def5406c3,660414,Lead Import,Facebook,Yes,No,0,8,567,8.0,Modified,Bahrain,Marketing Management,Multiple Sources,Businessman,Flexibility & Convenience,No,No,No,No,No,No,No,No,Will revert after reading the email,Might be,No,No,Lateral Student,Other Cities of Maharashtra,03.Low,01.High,9,16,No,No,Modified,0.64510566,1
e38e674e-640b-4985-bc96-b018348942fe,660413,Lead Add Form,Referral Sites,No,No,0,2,1531,2.0,Form Submitted on Website,,Media and Advertising,Other,,Better Career Prospects,No,No,No,No,No,No,No,No,Closed by Horizzon,Worst,No,No,Other Leads,,02.Medium,01.High,16,17,No,No,Unreachable,0.998195,1
9699b742-2a88-418c-97d6-38fc3df6de29,660412,Quick Add Form,Email,No,Yes,1,4,892,4.0,Email Link Clicked,Singapore,International Business,Word Of Mouth,Other,Better Career Prospects,No,No,No,No,No,No,No,No,Closed by Horizzon,,No,No,Other Leads,Mumbai,02.Medium,03.Low,14,13,No,Yes,Email Link Clicked,0.9992711,1
b3924c7c-96b4-4212-85fb-be5e9c3589c8,660411,API,Reference,No,No,0,8,17,8.0,Olark Chat Conversation,Bahrain,Human Resource Management,Select,Other,Flexibility & Convenience,No,No,No,No,No,No,No,No,Will revert after reading the email,Might be,No,No,Select,Other Metro Cities,01.High,03.Low,15,12,No,No,Unreachable,0.562013,1
bbc3af69-a6ee-4f17-b177-aeb1d8e95990,660410,API,Referral Sites,No,No,1,12,1013,12.0,Email Link Clicked,India,Marketing Management,Select,Student,,No,No,No,No,No,No,No,No,Will revert after reading the email,,No,No,Dual Specialization Student,Other Cities,,02.Medium,13,15,No,Yes,Email Link Clicked,0.9601268,1
99c81094-1331-408e-8499-f567b9a14451,660409,Landing Page Submission,Facebook,No,No,0,17,1448,17.0,SMS Sent,Kuwait,Healthcare Management,Multiple Sources,Unemployed,Flexibility & Convenience,No,No,No,No,No,No,No,No,Interested in other courses,Worst,No,No,,Other Cities,01.High,02.Medium,18,16,No,Yes,Unreachable,0.058168694,0
5784208a-bf60-4dfc-9daf-f043e6a855b9,660408,Lead Import,Olark Chat,Yes,No,0,5,1312,5.0,Modified,Singapore,Hospitality Management,Other,,Flexibility & Convenience,No,No,No,No,No,No,No,No,Graduation in progress,Might be,No,No,Lateral Student,Other Cities of Maharashtra,02.Medium,01.High,16,15,No,No,Modified,0.010544478,0
e97c664a-2add-4bfb-847b-ba9d6517c4e9,660407,API,Organic Search,No,No,0,9,1781,9.0,Email Bounced,Kuwait,Supply Chain Management,Reference,Other,Better Career Prospects,No,No,No,No,No,No,No,No,Busy,High in Relevance,No,No,Potential Lead,Other Cities of Maharashtra,01.High,01.High,18,15,No,No,Email Opened,0.97516114,1
2386a058-90a1-4837-93be-0a882efa2c4d,660406,Lead Add Form,Email,No,No,1,13,354,13.0,Olark Chat Conversation,India,Marketing Management,Select,,Quality Education,No,No,No,No,No,No,No,No,Diploma holder (Not Eligible),Low in Relevance,No,No,Other Leads,Other Cities,03.Low,02.Medium,11,15,No,No,Unreachable,0.02252884,0
d8fb33d0-e8e0-48bf-ba1d-6dce5ad39f78,660405,API,Organic Search,No,No,0,16,75,16.0,Form Submitted on Website,,Human Resource Management,Word Of Mouth,Student,Quality Education,No,No,No,No,No,No,No,No,number not provided,Not Sure,Yes,No,Lateral Student,Thane & Outskirts,02.Medium,02.Medium,12,15,No,No,Email Opened,0.002267127,0
47268b2c-3724-49a6-8c74-2f25ef3c2912,660404,Lead Import,Organic Search,No,No,0,16,178,16.0,Olark Chat Conversation,Kuwait,Rural and Agribusiness,Student of SomeSchool,Businessman,,No,No,No,No,No,No,No,No,in touch with EINS,Might be,No,No,Select,,01.High,02.Medium,15,14,No,No,Page Visited on Website,0.006811472,0
8cbaf62a-5902-4a24-bed4-84e112d01832,660403,Lead Import,Welingak Website,No,No,0,3,595,3.0,Unreachable,,"Banking, Investment And Insurance",Other,Working Professional,Quality Education,No,No,No,No,No,No,No,No,switched off,Not Sure,No,No,Dual Specialization Student,Other Metro Cities,,02.Medium,17,14,No,No,Unreachable,0.7847995,1
e9548ccd-09b2-4666-a47f-c796e5429818,660402,Landing Page Submission,YouTube,No,No,1,9,488,9.0,Email Opened,,"Banking, Investment And Insurance",Select,Working Professional,Affordable Fees,No,No,No,No,No,No,No,No,Lost to EINS,,Yes,No,Select,Thane & Outskirts,01.High,01.High,16,16,No,No,Email Opened,0.97939986,1
d2d67c5e-89d1-43ee-8839-4aaf7a8424fc,660401,Lead Import,Facebook,No,No,0,5,1539,5.0,Had a Phone Conversation,Singapore,Business Administration,Other,Unemployed,Quality Education,No,No,No,No,No,No,No,No,Will revert after reading the email,Might be,No,No,Dual Specialization Student,,02.Medium,,15,15,No,No,Page Visited on Website,0.9925795,1
40a49e53-ebaa-4293-811d-7e9f84b7909f,660400,Lead Add Form,Reference,No,No,0,11,245,11.0,Form Submitted on Website,United States,Select,Email,,Better Career Prospects,No,No,No,No,No,No,No,No,switched off,Not Sure,No,No,,Other Cities of Maharashtra,02.Medium,02.Medium,14,15,No,No,Modified,0.00027540486,0
c9aa2b94-289c-4156-90e9-3379c751bc30,660399,Quick Add Form,Welingak Website,No,No,1,10,997,10.0,Email Opened,,E-COMMERCE,Email,Student,Flexibility & Convenience,No,No,No,No,No,No,No,No,Will revert after reading the email,Might be,No,No,Other Leads,,02.Medium,01.High,15,15,No,No,Email Opened,0.9997019,1
c2453dcf-8463-45d8-80d4-ee22b04dc100,660398,Landing Page Submission,Google,No,No,0,17,32,17.0,Page Visited on Website,,"Banking, Investment And Insurance",Online Search,Unemployed,Quality Education,No,No,No,No,No,No,No,No,opp hangup,Low in Relevance,No,No,Dual Specialization Student,Other Cities of Maharashtra,01.High,02.Medium,16,15,No,Yes,Page Visited on Website,0.06682161,0
b1fc5a4c-aa98-498d-b7f3-f4f20def3270,660397,Quick Add Form,Email,No,No,0,1,835,1.0,Converted to Lead,Qatar,International Business,Select,Working Professional,Affordable Fees,No,No,No,No,No,No,No,No,Lost to EINS,,No,No,Select,,02.Medium,02.Medium,16,13,No,No,Email Opened,0.9973207,1
83767d0b-be66-47db-b988-3e07a43fbf2e,660396,API,Reference,No,No,0,14,27,14.0,Had a Phone Conversation,United Kingdom,Select,Email,Working Professional,Affordable Fees,No,No,No,No,No,No,No,No,Diploma holder (Not Eligible),Might be,No,No,,Thane & Outskirts,01.High,01.High,17,18,No,No,Page Visited on Website,0.009585743,0
9a5f8a6a-b1ce-4eb9-ac76-2adc8070bfbd,660395,Lead Import,YouTube,No,No,0,13,310,13.0,Converted to Lead,Kuwait,Services Excellence,Multiple Sources,Student,Flexibility & Convenience,No,No,No,No,No,No,No,No,in touch with EINS,,No,No,Select,Thane & Outskirts,02.Medium,02.Medium,16,16,No,No,Olark Chat Conversation,0.000114227005,0
bfeaf2f7-82cf-46e9-99c4-d9319b0bd38d,660394,Lead Import,Google,No,Yes,0,7,137,4.06,SMS Sent,,Human Resource Management,Email,Other,,No,No,No,No,No,No,No,No,number not provided,Might be,No,No,Select,Mumbai,02.Medium,02.Medium,16,14,No,No,Olark Chat Conversation,0.003914861,0
13d9b2ed-3d57-4fae-92ba-fdc743d58e91,660393,Landing Page Submission,Email,No,No,1,10,889,10.0,Had a Phone Conversation,,Select,Multiple Sources,,Affordable Fees,No,No,No,No,No,No,No,No,switched off,Might be,No,No,Dual Specialization Student,,02.Medium,01.High,12,18,No,No,Email Opened,0.0057620765,0
eabaded1-746d-4e7a-b49a-b7e45dc37a61,660392,API,Welingak Website,No,No,0,6,235,6.0,View in browser link Clicked,Singapore,Select,Student of SomeSchool,Unemployed,Better Career Prospects,No,No,No,No,No,No,No,No,Graduation in progress,,No,No,Dual Specialization Student,Other Cities,02.Medium,02.Medium,15,15,No,No,Page Visited on Website,0.64300865,1
7e296347-6963-4c39-b756-4f564ae50b1f,660391,Landing Page Submission,Welingak Website,No,No,1,8,156,8.0,Email Opened,United Kingdom,Select,Select,,,No,No,No,No,No,No,No,No,number not provided,Might be,No,No,,,02.Medium,02.Medium,15,13,No,Yes,Email Opened,0.0073468033,0
57730ef5-ea48-47e0-a533-f26f48d3cf8a,660390,Lead Import,Organic Search,No,No,1,14,1650,14.0,Unreachable,Bahrain,Retail Management,Reference,Businessman,Quality Education,No,No,No,No,No,No,No,No,opp hangup,,No,No,Other Leads,Other Cities,,01.High,17,18,No,Yes,Unreachable,0.89529777,1
f4931ca4-7e1e-46f7-9ff5-050aee33646d,660389,API,Referral Sites,No,No,0,11,991,11.0,Unsubscribed,,Retail Management,Other,,Affordable Fees,No,No,No,No,No,No,No,No,,High in Relevance,No,No,,Other Cities of Maharashtra,02.Medium,01.High,16,18,No,No,Unsubscribed,0.93306065,1
e0c0f54d-f52a-472e-9e35-4b658ccfca47,660388,Lead Import,Direct Traffic,No,No,1,10,1179,7.09,Form Submitted on Website,,E-COMMERCE,Reference,Student,Quality Education,No,No,No,No,No,No,No,No,Graduation in progress,Low in Relevance,No,No,Potential Lead,Select,02.Medium,01.High,14,15,No,No,Page Visited on Website,0.8417178,1
c5eee342-8f9b-40fb-a75a-bc1eed908fb9,660387,API,Olark Chat,No,No,0,9,265,7.22,Email Link Clicked,,E-COMMERCE,Other,Unemployed,Better Career Prospects,No,No,No,No,No,No,No,No,Ringing,Not Sure,No,No,Other Leads,,02.Medium,01.High,15,18,No,No,Email Link Clicked,0.007368814,0
dc0b7073-7d90-4195-902b-ecc7096ca2e7,660386,API,Google,No,No,1,1,140,1.0,Olark Chat Conversation,Oman,Select,Multiple Sources,Businessman,Flexibility & Convenience,No,No,No,No,No,No,No,No,Closed by Horizzon,,No,No,Select,,02.Medium,02.Medium,15,12,No,No,Unreachable,0.9808383,1
9138cc30-a38d-439f-a879-80490c9d2f17,660385,API,Organic Search,No,Yes,0,13,890,13.0,Email Opened,Saudi Arabia,E-COMMERCE,Word Of Mouth,Working Professional,Quality Education,No,No,No,No,No,No,No,No,,High in Relevance,No,No,Other Leads,Other Cities,02.Medium,02.Medium,16,12,No,No,Email Opened,0.9412916,1
2efd1edd-ae69-4db9-a08b-02ca15ec75ed,660384,Landing Page Submission,Email,Yes,No,1,4,1570,4.0,Modified,,Business Administration,Reference,Student,,No,No,No,No,No,No,No,No,switched off,High in Relevance,No,No,Dual Specialization Student,Other Cities,02.Medium,01.High,13,16,No,Yes,Modified,0.04755988,0
ae853dfe-89b5-44a9-861f-4c795e11d8dd,660383,Lead Import,Referral Sites,No,No,0,3,584,3.0,View in browser link Clicked,Kuwait,Healthcare Management,Select,Working Professional,Better Career Prospects,No,No,No,No,No,No,No,No,switched off,Not Sure,No,No,Other Leads,Mumbai,02.Medium,02.Medium,12,12,No,No,Email Opened,0.0023050013,0
1b79ab47-c7c3-40da-a82c-968e2e47296d,660382,Lead Import,YouTube,No,No,1,7,1483,7.0,Page Visited on Website,Oman,E-COMMERCE,Email,Working Professional,Flexibility & Convenience,No,No,No,No,No,No,No,No,Closed by Horizzon,Low in Relevance,No,No,Potential Lead,,02.Medium,03.Low,16,11,No,Yes,Page Visited on Website,0.9997588,1
64e4cc1d-c5c2-4c52-99f4-8bd9e723f255,660381,Landing Page Submission,Welingak Website,No,No,0,0,0,0.0,Modified,Oman,Business Administration,Select,,,No,No,No,No,No,No,No,No,,,No,No,Potential Lead,Thane & Outskirts,01.High,03.Low,15,11,No,Yes,Modified,0.82335556,1
dbd9eca3-83a5-437e-a21a-2b162269be91,660380,Lead Import,Email,No,No,0,11,1595,11.0,View in browser link Clicked,UAE,Healthcare Management,Email,Working Professional,Affordable Fees,No,No,No,No,No,No,No,No,Will revert after reading the email,Low in Relevance,Yes,No,,Other Cities of Maharashtra,01.High,01.High,18,18,No,Yes,Modified,0.99813735,1
9a8bfd18-fbbe-4a05-863e-eb587f3090f6,660379,Lead Add Form,Welingak Website,No,No,0,12,714,12.0,Converted to Lead,,Rural and Agribusiness,Email,Businessman,,No,No,No,No,No,No,No,No,Interested in other courses,,No,No,Other Leads,Other Metro Cities,02.Medium,01.High,13,16,No,No,Email Opened,0.25561497,0
a15ee13d-c133-419e-b5eb-05b0a4bcccef,660378,Landing Page Submission,Organic Search,No,No,1,4,22,8.15,View in browser link Clicked,United Kingdom,Services Excellence,Select,Other,Better Career Prospects,No,No,No,No,No,No,No,No,Graduation in progress,High in Relevance,No,No,Other Leads,Thane & Outskirts,02.Medium,01.High,16,16,No,No,Page Visited on Website,0.0014469974,0
aeaad33c-ed32-4e98-8c10-3bc46c243ea7,660377,Quick Add Form,Olark Chat,No,No,0,15,1378,15.0,Email Bounced,Bahrain,Rural and Agribusiness,Other,Student,Affordable Fees,No,No,No,No,No,No,No,No,in touch with EINS,Low in Relevance,No,No,,Other Cities of Maharashtra,02.Medium,01.High,14,17,No,Yes,Email Opened,0.57892585,1
371cc637-7c86-4de4-9254-8d39aad3c6c7,660376,API,Olark Chat,No,No,0,11,546,11.0,Had a Phone Conversation,United States,Retail Management,Email,Working Professional,Affordable Fees,No,No,No,No,No,No,No,No,Interested in other courses,Low in Relevance,No,No,Select,,01.High,02.Medium,16,16,No,No,Olark Chat Conversation,0.007503149,0
3ba79f14-d124-49aa-b68b-d9f8be90deb4,660375,Landing Page Submission,Direct Traffic,No,No,0,2,983,2.0,Email Bounced,Saudi Arabia,Rural and Agribusiness,Student of SomeSchool,Working Professional,Quality Education,No,No,No,No,No,No,No,No,in touch with EINS,,No,No,Potential Lead,Select,02.Medium,01.High,13,16,No,No,Olark Chat Conversation,0.03927309,0
09ca46e7-1e82-42ba-b978-cbbb678245af,660374,Quick Add Form,Welingak Website,Yes,No,1,17,265,17.0,Olark Chat Conversation,United Kingdom,Hospitality Management,Online Search,,Affordable Fees,No,No,No,No,No,No,No,No,Already a student,Worst,No,No,Potential Lead,Other Cities,03.Low,02.Medium,12,12,No,No,Olark Chat Conversation,0.026466634,0
0260f901-3e72-4abc-b3a5-7bceedf32147,660373,API,Referral Sites,No,No,0,8,1414,8.0,Olark Chat Conversation,United States,Select,Student of SomeSchool,Unemployed,Better Career Prospects,No,No,No,No,No,No,No,No,number not provided,High in Relevance,No,No,,,02.Medium,02.Medium,15,15,No,No,Page Visited on Website,0.12545776,0
a152893a-5bd5-4beb-90db-a723d519d61b,660372,Lead Add Form,YouTube,No,No,1,12,1349,12.0,Unreachable,India,Business Administration,Select,,Better Career Prospects,No,No,No,No,No,No,No,No,Will revert after reading the email,Low in Relevance,No,No,Other Leads,Select,02.Medium,01.High,16,17,No,No,Unreachable,0.995956,1
e5c39d8c-309a-40a0-9545-4b9e5c0e1aa8,660371,API,Welingak Website,No,No,0,11,1134,11.0,Page Visited on Website,Singapore,IT Projects Management,Online Search,Unemployed,Affordable Fees,No,No,No,No,No,No,No,No,Lost to EINS,Not Sure,No,No,Select,,02.Medium,01.High,15,16,No,No,Page Visited on Website,0.9987174,1
b1d6164b-870e-4abe-a86c-19bbd0c69274,660370,Lead Import,Direct Traffic,No,No,1,6,1603,6.0,Page Visited on Website,Singapore,Supply Chain Management,Select,Working Professional,Better Career Prospects,No,No,No,No,No,No,No,No,number not provided,Worst,No,No,Select,,01.High,02.Medium,15,12,No,No,Page Visited on Website,0.0845081,0
1d42eaf1-4fb0-41dd-a5ed-98248d79b960,660369,Lead Import,YouTube,No,No,0,0,0,0.0,Page Visited on Website,Qatar,Retail Management,Reference,Other,Better Career Prospects,No,No,No,No,No,No,No,No,Diploma holder (Not Eligible),Low in Relevance,No,No,Potential Lead,,02.Medium,03.Low,14,9,No,No,Page Visited on Website,0.0032876001,0
590bf7fc-106e-4061-a111-71e5f370d452,660368,Lead Add Form,Facebook,No,No,0,10,603,10.0,SMS Sent,India,Marketing Management,Select,,Better Career Prospects,No,No,No,No,No,No,No,No,Ringing,Might be,No,No,Potential Lead,,02.Medium,03.Low,16,12,No,No,Email Opened,0.061190225,0
bf491440-0510-4123-8814-fe83333251f9,660367,Lead Import,Referral Sites,Yes,No,0,12,697,12.0,Unreachable,Qatar,Finance Management,Other,Working Professional,Better Career Prospects,No,No,No,No,No,No,No,No,,Low in Relevance,No,No,,,01.High,02.Medium,18,13,No,No,Unreachable,0.77557826,1
61aad607-6740-4c66-88a7-555c2e4dcab4,660366,Lead Add Form,Referral Sites,No,No,1,11,1146,11.0,Unreachable,,Select,Select,Student,Better Career Prospects,No,No,No,No,No,No,No,No,Busy,Low in Relevance,No,No,,,01.High,01.High,18,16,No,No,Unreachable,0.8081125,1
19ebdb8f-2bc1-4d3a-8992-16aa1259a449,660365,API,Direct Traffic,No,No,0,12,59,12.0,Unsubscribed,UAE,Operations Management,Email,Student,Affordable Fees,No,No,No,No,No,No,No,No,Interested in other courses,,No,No,Potential Lead,Mumbai,02.Medium,02.Medium,12,15,No,No,Unsubscribed,0.008009296,0
0a1f2dd9-56cc-49ab-a980-6f679b57e3da,660364,Landing Page Submission,Olark Chat,No,Yes,0,16,1736,16.0,Olark Chat Conversation,Kuwait,Hospitality Management,Select,Unemployed,Quality Education,No,No,No,No,No,No,No,No,Ringing,High in Relevance,No,No,Dual Specialization Student,Other Cities of Maharashtra,01.High,02.Medium,18,12,No,No,Unreachable,0.103719816,0
1ca7a315-75c1-4b06-8915-0a727815802e,660363,Lead Import,Reference,No,No,0,14,765,14.0,Page Visited on Website,India,Select,Select,Other,Flexibility & Convenience,No,No,No,No,No,No,No,No,Diploma holder (Not Eligible),High in Relevance,No,No,Select,Other Metro Cities,03.Low,01.High,12,15,No,No,Page Visited on Website,0.0041230167,0
00ab8a51-0cd5-4e7f-83a2-32d429fe6214,660362,Lead Import,Direct Traffic,No,Yes,0,14,1405,14.0,Unsubscribed,India,Healthcare Management,Student of SomeSchool,,Quality Education,No,No,No,No,No,No,No,No,in touch with EINS,High in Relevance,No,No,,,02.Medium,01.High,12,17,No,No,Unsubscribed,0.83501744,1
0144ff55-11fa-4bc5-b668-138300dfa30a,660361,Lead Add Form,YouTube,No,No,1,14,1284,14.0,Email Link Clicked,Qatar,Operations Management,Email,Working Professional,Affordable Fees,No,No,No,No,No,No,No,No,switched off,,Yes,No,,Thane & Outskirts,01.High,02.Medium,15,16,No,No,Email Link Clicked,0.023483641,0
ae3bdd6f-1620-4aa2-ad53-6fc2cc1529bc,660360,Lead Add Form,Facebook,No,No,1,4,87,4.0,Modified,Oman,IT Projects Management,Online Search,,Better Career Prospects,No,No,No,No,No,No,No,No,,Low in Relevance,No,No,Select,Mumbai,02.Medium,03.Low,16,9,No,No,Modified,0.104554914,0
a891ac47-673e-46ea-a30a-78de5e91c893,660359,Quick Add Form,Direct Traffic,Yes,No,1,8,1082,6.39,Modified,Oman,Select,Student of SomeSchool,,Quality Education,No,No,No,No,No,No,No,No,opp hangup,High in Relevance,No,No,Other Leads,Other Cities,02.Medium,02.Medium,12,13,No,Yes,Modified,0.2184035,0
f73dbed3-2896-4827-88f3-83b4ea61d17e,660358,Quick Add Form,Google,Yes,No,1,0,0,0.0,SMS Sent,Singapore,Hospitality Management,Select,Working Professional,Better Career Prospects,No,No,No,No,No,No,No,No,Will revert after reading the email,High in Relevance,No,No,Select,Other Metro Cities,02.Medium,02.Medium,13,13,No,No,Unreachable,0.9827428,1
84ca7944-03d8-4226-9a5a-4a0267bc82e9,660357,Lead Add Form,Google,No,No,0,7,151,7.0,View in browser link Clicked,India,Operations Management,Reference,,Better Career Prospects,No,No,No,No,No,No,No,No,Ringing,,No,No,Dual Specialization Student,Select,01.High,02.Medium,18,16,No,No,Unreachable,0.016264211,0
d4a2af18-bb65-4bbe-92d6-9f496177044e,660356,Quick Add Form,Direct Traffic,No,No,1,7,553,7.0,Olark Chat Conversation,Saudi Arabia,Retail Management,Select,,Quality Education,No,No,No,No,No,No,No,No,Interested in other courses,,No,No,Lateral Student,Other Cities,02.Medium,02.Medium,13,15,No,No,Unreachable,0.001593121,0
035e91ab-4844-488c-af40-a8cf43f0ac27,660355,API,Welingak Website,No,No,0,8,1634,8.0,Unsubscribed,United Kingdom,Select,Reference,Unemployed,Quality Education,No,No,No,No,No,No,No,No,Closed by Horizzon,Might be,No,No,Select,Thane & Outskirts,02.Medium,02.Medium,16,16,No,No,Unsubscribed,0.99998474,1
17ab4189-2020-4391-9c34-383f8a2e7b85,660354,Lead Add Form,Referral Sites,No,No,0,16,231,16.0,Email Bounced,Kuwait,Supply Chain Management,Word Of Mouth,Working Professional,Quality Education,No,No,No,No,No,No,No,No,Interested in other courses,Not Sure,No,No,,Thane & Outskirts,01.High,02.Medium,18,14,No,No,Page Visited on Website,0.014225081,0
50480bba-f2ff-4fa0-8ebc-9c226c237bec,660353,Lead Add Form,Google,No,No,1,8,900,8.0,Unsubscribed,UAE,Select,Student of SomeSchool,,Better Career Prospects,No,No,No,No,No,No,No,No,in touch with EINS,,No,No,Lateral Student,Other Metro Cities,02.Medium,02.Medium,14,15,No,Yes,Unsubscribed,0.9279163,1
86cbe5a4-658b-4726-98cf-89e0b22a58a7,660352,Landing Page Submission,Reference,Yes,No,1,12,1278,12.0,Modified,Oman,Finance Management,Other,Student,Quality Education,No,No,No,No,No,No,No,No,Diploma holder (Not Eligible),Low in Relevance,No,No,,Thane & Outskirts,01.High,,18,13,Yes,No,Modified,0.020755302,0
1f47de58-b05b-4c5a-8677-d48ff7a20201,660351,Landing Page Submission,Olark Chat,No,No,0,0,0,0.0,Had a Phone Conversation,Saudi Arabia,Select,Email,Unemployed,Flexibility & Convenience,No,No,No,No,No,No,No,No,,Might be,No,No,Dual Specialization Student,Other Cities,01.High,02.Medium,18,12,No,No,Email Opened,0.025962632,0
a8de54c6-7de4-42de-bd4a-05c3b3a2db5e,660350,Landing Page Submission,Email,No,No,0,15,1283,15.0,Email Opened,Qatar,Hospitality Management,Reference,Working Professional,,No,No,No,No,No,No,No,No,Will revert after reading the email,,No,No,,Other Metro Cities,01.High,02.Medium,18,16,No,No,Email Opened,0.9919491,1
e848bace-695e-4082-98e4-25389f7d8ea7,660349,Lead Import,Direct Traffic,No,Yes,0,3,94,3.0,Email Link Clicked,Oman,Marketing Management,Word Of Mouth,Unemployed,Better Career Prospects,No,No,No,No,No,No,No,No,Busy,Low in Relevance,No,No,,Other Cities of Maharashtra,01.High,01.High,15,15,No,No,Email Link Clicked,0.6282753,1
dd05d285-2191-4e69-8b29-834a332ce3d9,660348,Lead Import,Olark Chat,No,No,1,1,823,1.0,Page Visited on Website,Bahrain,Services Excellence,Student of SomeSchool,,Affordable Fees,No,No,No,No,No,No,No,No,Busy,Worst,No,No,Lateral Student,Other Cities of Maharashtra,01.High,03.Low,16,10,No,Yes,Page Visited on Website,0.16800694,0
77b0bab1-546d-4410-9043-7d0ec9e480ff,660347,Landing Page Submission,Google,No,No,0,17,852,17.0,Email Opened,United States,Select,Reference,Other,Affordable Fees,No,No,No,No,No,No,No,No,Closed by Horizzon,Might be,No,No,Other Leads,Other Metro Cities,,02.Medium,13,14,No,Yes,Email Opened,0.98222685,1
9880501d-c741-413d-ac3a-d99373d31581,660346,Landing Page Submission,Facebook,Yes,No,0,13,665,13.0,Email Bounced,Bahrain,E-COMMERCE,Email,Businessman,Quality Education,No,No,No,No,No,No,No,No,Busy,Not Sure,No,No,Lateral Student,Mumbai,01.High,02.Medium,16,15,No,No,Unreachable,0.89903075,1
3b98aa54-2383-48e6-9a95-7399bf4320a6,660345,Lead Import,Welingak Website,No,No,0,7,957,7.0,SMS Sent,Bahrain,International Business,Email,Working Professional,Affordable Fees,No,No,No,No,No,No,No,No,,,No,No,Potential Lead,Other Cities,02.Medium,02.Medium,13,13,No,No,Unreachable,0.9980197,1
e1ee9e21-5147-4a59-b553-9d0305e6a3f3,660344,Lead Import,Olark Chat,No,No,0,14,1088,14.0,Page Visited on Website,,"Banking, Investment And Insurance",Multiple Sources,,Affordable Fees,No,No,No,No,No,No,No,No,Diploma holder (Not Eligible),,No,No,Potential Lead,Other Cities,,02.Medium,10,16,No,No,Page Visited on Website,0.08728102,0
0fd2db85-6de3-4c17-b39d-e95a39d8aef2,660343,Lead Import,YouTube,No,No,0,8,57,4.93,SMS Sent,,Human Resource Management,Other,Other,Better Career Prospects,No,No,No,No,No,No,No,No,Busy,Not Sure,No,No,Potential Lead,Select,,01.High,17,15,Yes,Yes,Modified,0.50310427,1
20140357-dd0b-4228-a527-a415ae2a64f2,660342,Landing Page Submission,Google,No,No,0,11,977,11.0,Form Submitted on Website,India,E-COMMERCE,Multiple Sources,Businessman,Flexibility & Convenience,No,No,No,No,No,No,No,No,opp hangup,Worst,No,No,Other Leads,Other Metro Cities,02.Medium,02.Medium,15,16,No,No,Page Visited on Website,0.4424196,0
215df33c-50f4-4ac9-8b1a-292f1cbdfb77,660341,Lead Add Form,Facebook,No,No,1,16,302,16.0,View in browser link Clicked,Singapore,Retail Management,Select,Student,Better Career Prospects,No,No,No,No,No,No,No,No,opp hangup,Might be,No,No,Select,Thane & Outskirts,02.Medium,01.High,15,17,No,No,Page Visited on Website,0.0013257394,0
a50e2253-7fdd-47e7-a757-e03001936806,660340,Landing Page Submission,Referral Sites,No,No,1,15,1067,4.07,View in browser link Clicked,,Select,Select,Businessman,Better Career Prospects,No,No,No,No,No,No,No,No,Lost to EINS,Worst,No,No,,Other Cities,,02.Medium,11,12,No,No,Modified,0.9961809,1
bf9f3000-e426-4f4f-b451-5f84b4305fd1,660339,API,Facebook,No,No,1,0,0,0.0,Olark Chat Conversation,India,Media and Advertising,Reference,Working Professional,Better Career Prospects,No,No,No,No,No,No,No,No,in touch with EINS,,No,No,Lateral Student,Other Metro Cities,02.Medium,01.High,16,17,No,No,Email Opened,0.030235166,0
b83a1177-805a-4f43-ab22-fbf390e5ddf5,660338,API,Google,No,No,0,12,1091,12.0,Unsubscribed,United Kingdom,Retail Management,Student of SomeSchool,,Flexibility & Convenience,No,No,No,No,No,No,No,No,Diploma holder (Not Eligible),High in Relevance,No,No,,Mumbai,01.High,03.Low,15,10,No,No,Unsubscribed,0.21576317,0
896ad193-bb8b-41df-bc23-fae67c354b16,660337,Lead Add Form,Google,No,No,0,3,16,3.0,Converted to Lead,Saudi Arabia,Healthcare Management,Multiple Sources,,Flexibility & Convenience,No,No,No,No,No,No,No,No,Ringing,Low in Relevance,No,No,Lateral Student,Other Cities of Maharashtra,01.High,01.High,15,15,No,No,Unreachable,0.00022184452,0
5dad3a23-98a9-4c75-836f-008efc8cb781,660336,Lead Add Form,Organic Search,No,No,0,14,852,14.0,Page Visited on Website,Saudi Arabia,Select,Select,Unemployed,Affordable Fees,No,No,No,No,No,No,No,No,Closed by Horizzon,Low in Relevance,No,No,Potential Lead,Other Cities of Maharashtra,02.Medium,02.Medium,14,12,No,Yes,Page Visited on Website,0.9763082,1
f85b2662-1776-4c70-9e3d-f8a7ce59c26b,660335,Lead Import,Facebook,No,No,0,5,163,2.46,Unreachable,Bahrain,Healthcare Management,Email,Businessman,,No,No,No,No,No,No,No,No,,High in Relevance,No,No,Select,Other Metro Cities,02.Medium,03.Low,16,11,No,No,Unreachable,0.17854029,0
99799c46-b0fa-4a2d-9423-f4c876061af6,660334,API,YouTube,No,No,0,10,1474,10.0,SMS Sent,Bahrain,Select,Email,Other,Quality Education,No,No,No,No,No,No,No,No,,Worst,No,No,,Other Metro Cities,02.Medium,01.High,13,18,No,Yes,Modified,0.85268134,1
d2a2472b-c15b-4394-b8c5-e7468e02d225,660333,Landing Page Submission,Welingak Website,No,No,0,16,323,16.0,View in browser link Clicked,Oman,Media and Advertising,Other,,Quality Education,No,No,No,No,No,No,No,No,,,No,No,,Mumbai,03.Low,02.Medium,10,12,No,No,Page Visited on Website,0.9274331,1
f8001115-d98e-4831-abb7-4f085f7f4356,660332,Quick Add Form,Email,No,No,0,0,0,0.0,Page Visited on Website,Kuwait,Select,Online Search,,Affordable Fees,No,No,No,No,No,No,No,No,Graduation in progress,Might be,No,No,Select,Other Metro Cities,01.High,02.Medium,16,16,No,No,Page Visited on Website,0.04065376,0
6d375991-c2dd-49c1-a600-c4e27c6b4022,660331,Quick Add Form,Email,No,No,0,12,1403,12.0,Olark Chat Conversation,Bahrain,Marketing Management,Other,Businessman,Flexibility & Convenience,No,No,No,No,No,No,No,No,Lost to EINS,,No,No,,Mumbai,01.High,01.High,15,16,No,No,Modified,0.99635714,1
0074a21b-9f69-4825-aa8e-3f1d02cf50cb,660330,API,Referral Sites,No,No,0,3,1731,3.0,Converted to Lead,United Kingdom,Marketing Management,Select,Businessman,,No,No,No,No,No,No,No,No,Busy,Not Sure,Yes,No,Potential Lead,Other Cities,01.High,02.Medium,18,16,No,No,Page Visited on Website,0.9784741,1
aa1ef783-7870-405d-a47c-cbe3423dbe3f,660329,Quick Add Form,Google,No,No,0,15,1203,15.0,Email Link Clicked,Singapore,E-COMMERCE,Reference,Other,Affordable Fees,No,No,No,No,No,No,No,No,in touch with EINS,,No,No,,,01.High,01.High,16,15,No,No,Email Link Clicked,0.43143943,0
af6ad052-a713-4f62-833b-2e9d9f8f54bd,660328,Lead Import,Olark Chat,Yes,No,0,12,815,12.0,Had a Phone Conversation,UAE,E-COMMERCE,Online Search,Student,Better Career Prospects,No,No,No,No,No,No,No,No,Busy,High in Relevance,No,No,Select,Other Cities of Maharashtra,02.Medium,02.Medium,15,12,Yes,No,Unreachable,0.4458339,0
428a22b1-79ac-44d9-b322-1c5d38c3899a,660327,Landing Page Submission,YouTube,No,No,0,14,807,14.0,Email Opened,UAE,Select,Reference,Unemployed,Better Career Prospects,No,No,No,No,No,No,No,No,Closed by Horizzon,High in Relevance,No,No,Other Leads,Other Cities of Maharashtra,02.Medium,01.High,16,16,No,No,Email Opened,0.997191,1
3c433d1d-f909-4007-bcf8-f679060a9e14,660326,API,Olark Chat,No,No,1,2,633,2.0,Converted to Lead,Oman,Operations Management,Student of SomeSchool,Businessman,Flexibility & Convenience,No,No,No,No,No,No,No,No,Ringing,Low in Relevance,No,No,Potential Lead,Thane & Outskirts,02.Medium,02.Medium,14,13,No,No,Olark Chat Conversation,0.022451652,0
3904e66b-6b30-4ab5-99da-7f2c6498bb80,660325,Landing Page Submission,Welingak Website,No,Yes,0,6,1748,6.0,Converted to Lead,Bahrain,Supply Chain Management,Multiple Sources,,Better Career Prospects,No,No,No,No,No,No,No,No,switched off,,No,No,Lateral Student,Other Metro Cities,02.Medium,01.High,12,17,No,No,Unreachable,0.78037035,1
62e56b67-6fa5-4fad-abf9-73b000349312,660324,Lead Import,Facebook,No,No,0,8,1566,8.0,Page Visited on Website,United Kingdom,Operations Management,Student of SomeSchool,Unemployed,Quality Education,No,No,No,No,No,No,No,No,Ringing,,No,No,Dual Specialization Student,Thane & Outskirts,03.Low,02.Medium,12,16,No,No,Page Visited on Website,0.05206622,0
5db07aeb-2621-4059-a3a5-39da6afb2bb4,660323,Quick Add Form,Olark Chat,No,No,0,15,1690,15.0,View in browser link Clicked,Saudi Arabia,Services Excellence,Select,Businessman,Flexibility & Convenience,No,No,No,No,No,No,No,No,Ringing,Might be,No,No,Potential Lead,Other Metro Cities,01.High,02.Medium,18,12,No,No,Email Opened,0.037377108,0
b13c124a-32f6-482e-ae62-cac47f47b045,660322,Lead Add Form,Organic Search,Yes,No,0,7,322,7.0,Converted to Lead,Kuwait,Human Resource Management,Word Of Mouth,Other,Quality Education,No,No,No,No,No,No,No,No,Interested in other courses,,No,No,Dual Specialization Student,Other Metro Cities,01.High,01.High,17,17,No,No,Page Visited on Website,0.010948666,0
446aa8cc-b543-41df-a72f-841f8536a2c5,660321,Lead Import,Email,Yes,No,0,6,1457,6.0,Page Visited on Website,,E-COMMERCE,Select,Student,Flexibility & Convenience,No,No,No,No,No,No,No,No,Ringing,Might be,No,No,Potential Lead,Other Cities,02.Medium,02.Medium,12,12,No,No,Page Visited on Website,0.0508302,0
29ced6df-cfe7-4215-be16-f286c4e52243,660320,Quick Add Form,Olark Chat,No,Yes,1,2,1676,2.0,Olark Chat Conversation,Saudi Arabia,Healthcare Management,Select,,,No,No,No,No,No,No,No,No,opp hangup,,No,No,Other Leads,Other Metro Cities,01.High,02.Medium,16,12,No,No,Email Opened,0.03801943,0
4bde2d40-8b5b-4381-906a-22c321940198,660319,Lead Add Form,Direct Traffic,No,No,0,2,1594,2.0,Email Bounced,United States,Services Excellence,Online Search,Businessman,Quality Education,No,No,No,No,No,No,No,No,,Low in Relevance,No,No,Select,,02.Medium,,14,13,No,No,Modified,0.7138255,1
13fb4842-336d-4d7f-83e4-f417abf7aaed,660318,API,Facebook,No,Yes,1,7,1133,7.0,Email Link Clicked,Bahrain,Operations Management,Multiple Sources,Unemployed,,No,No,No,No,No,No,No,No,Graduation in progress,,No,No,,,02.Medium,02.Medium,16,15,No,No,Email Link Clicked,0.0107182115,0
150d2b47-eb75-45d5-b5e9-bc67589628f6,660317,Landing Page Submission,Direct Traffic,No,No,1,12,1414,12.0,Olark Chat Conversation,,Healthcare Management,Online Search,Other,Affordable Fees,No,No,No,No,No,No,No,No,Will revert after reading the email,,No,No,,Other Cities of Maharashtra,01.High,02.Medium,15,15,No,Yes,Email Opened,0.9821584,1
54fc6fa4-a8e6-48c6-8238-c2dd043848ef,660316,API,Facebook,Yes,No,0,16,1421,16.0,Email Opened,India,Rural and Agribusiness,Select,Other,Quality Education,No,No,No,No,No,No,No,No,,,No,No,Dual Specialization Student,Select,02.Medium,01.High,13,16,No,No,Email Opened,0.6100628,1
12481ce7-09f8-458b-90bc-90fdb25e6d60,660315,API,Referral Sites,No,No,1,13,1170,13.0,Olark Chat Conversation,,Operations Management,Reference,,Flexibility & Convenience,No,No,No,No,No,No,No,No,Diploma holder (Not Eligible),Not Sure,No,No,Lateral Student,,02.Medium,02.Medium,16,15,No,No,Page Visited on Website,0.14019476,0
80dfe87d-9d52-4c70-8834-91c96c5017ff,660314,Lead Import,Google,Yes,No,1,0,0,0.0,Modified,United Kingdom,Human Resource Management,Multiple Sources,Working Professional,Affordable Fees,No,No,No,No,No,No,No,No,,High in Relevance,No,No,Lateral Student,Thane & Outskirts,01.High,02.Medium,15,12,No,No,Modified,0.014405498,0
09c032a8-8a11-4b9d-873f-b6e20211581d,660313,API,Email,No,No,1,17,1335,17.0,Had a Phone Conversation,,Select,Email,,Affordable Fees,No,No,No,No,No,No,No,No,in touch with EINS,Low in Relevance,No,No,Select,Other Metro Cities,03.Low,02.Medium,9,16,No,Yes,Unreachable,0.64330775,1
91bf306a-ba24-4843-8103-b7007014c606,660312,Quick Add Form,Google,No,No,1,5,1285,5.0,View in browser link Clicked,United States,Retail Management,Online Search,Working Professional,,No,No,No,No,No,No,No,No,,,No,No,Other Leads,,01.High,02.Medium,16,15,No,No,Email Opened,0.87863666,1
fa5d331c-5576-4c71-9146-33002f597359,660311,Lead Import,Google,No,No,0,6,1254,6.0,Page Visited on Website,UAE,Select,Online Search,Unemployed,Quality Education,No,No,No,No,No,No,No,No,switched off,Low in Relevance,No,No,,,02.Medium,02.Medium,12,14,No,No,Page Visited on Website,0.009918248,0
2cf78425-135b-469a-915d-c61e64601e63,660310,API,Email,No,No,1,0,0,0.0,Form Submitted on Website,,Hospitality Management,Other,Student,Quality Education,No,No,No,No,No,No,No,No,Diploma holder (Not Eligible),Low in Relevance,No,No,Dual Specialization Student,Other Cities,02.Medium,01.High,16,16,No,Yes,Unreachable,0.015891934,0
ff750c77-2262-4c4e-acb0-1acb7526d3f8,660309,Lead Import,Facebook,No,No,0,6,1586,4.28,Page Visited on Website,UAE,Retail Management,Other,Other,,No,No,No,No,No,No,No,No,Graduation in progress,Worst,No,No,Lateral Student,Mumbai,01.High,02.Medium,15,15,No,No,Page Visited on Website,0.052672606,0
ffa602f4-66ca-449e-915c-fda1454fffda,660308,API,YouTube,No,No,1,14,1164,4.49,SMS Sent,Oman,Finance Management,Online Search,Businessman,Affordable Fees,No,No,No,No,No,No,No,No,Already a student,High in Relevance,No,No,Potential Lead,Thane & Outskirts,01.High,01.High,16,17,No,No,Olark Chat Conversation,0.75664103,1
6ee5ace5-1f52-44a9-86e8-74c83083310b,660307,API,Organic Search,No,No,0,16,952,16.0,Email Link Clicked,,Select,Student of SomeSchool,,Quality Education,No,No,No,No,No,No,No,No,Closed by Horizzon,,No,No,Dual Specialization Student,,02.Medium,02.Medium,13,13,No,No,Email Link Clicked,0.9870869,1
9139c0f3-08e5-4914-8b2b-5c01a4dfb6cd,660306,Lead Add Form,Reference,No,No,1,14,1608,14.0,Modified,Oman,Media and Advertising,Online Search,Student,Better Career Prospects,No,No,No,No,No,No,No,No,in touch with EINS,Not Sure,No,No,Potential Lead,Mumbai,01.High,01.High,16,17,No,Yes,Modified,0.93930745,1
145ff85a-0b13-49f0-aa71-82c273a6a313,660305,Quick Add Form,Olark Chat,No,No,0,17,119,17.0,Email Link Clicked,UAE,E-COMMERCE,Select,,,No,No,No,No,No,No,No,No,Diploma holder (Not Eligible),,No,No,Potential Lead,Thane & Outskirts,01.High,02.Medium,15,15,No,No,Email Link Clicked,0.006113028,0
034c421d-0009-41d9-b40c-9c1e248f36fa,660304,API,Welingak Website,No,Yes,0,9,1358,9.0,SMS Sent,Kuwait,Services Excellence,Other,Businessman,Quality Education,No,No,No,No,No,No,No,No,Lost to EINS,High in Relevance,No,No,Select,Other Cities of Maharashtra,01.High,01.High,15,15,No,No,Email Opened,0.99925464,1
c002f84a-b635-4619-a1f9-f3e3bbe27178,660303,Lead Import,YouTube,No,No,0,6,348,6.0,Email Opened,Kuwait,Business Administration,Online Search,Working Professional,Better Career Prospects,No,No,No,No,No,No,No,No,in touch with EINS,Might be,No,No,Potential Lead,Mumbai,03.Low,02.Medium,12,14,No,No,Email Opened,0.15911263,0
c75ff804-fbf2-47f2-96bb-b41189368686,660302,API,Olark Chat,No,No,0,3,181,3.0,SMS Sent,Kuwait,Operations Management,Student of SomeSchool,Working Professional,Affordable Fees,No,No,No,No,No,No,No,No,number not provided,Low in Relevance,No,No,Dual Specialization Student,Other Metro Cities,01.High,02.Medium,15,13,No,Yes,Modified,0.021079233,0
d1b60a44-5db4-414e-8502-7dc6a56cb7a6,660301,Landing Page Submission,Google,No,No,1,6,923,6.38,Email Opened,UAE,Retail Management,Multiple Sources,Other,Flexibility & Convenience,No,No,No,No,No,No,No,No,Already a student,Low in Relevance,No,No,Potential Lead,Other Metro Cities,02.Medium,01.High,13,15,No,No,Email Opened,0.0052833483,0
37112544-919f-4a86-9bc0-2a1d9d8d5b47,660300,Landing Page Submission,Email,No,No,1,14,785,14.0,Converted to Lead,India,Hospitality Management,Student of SomeSchool,,Flexibility & Convenience,No,No,No,No,No,No,No,No,switched off,Not Sure,No,No,Select,,01.High,03.Low,17,9,No,No,Page Visited on Website,0.0022721868,0
6d99eeb1-cb71-427d-b735-c71b32cd8418,660299,Lead Import,Referral Sites,No,No,1,14,241,14.0,Unreachable,,Human Resource Management,Word Of Mouth,Businessman,Flexibility & Convenience,No,No,No,No,No,No,No,No,Lost to EINS,Worst,No,No,Potential Lead,Other Metro Cities,01.High,02.Medium,15,12,No,Yes,Unreachable,0.99752575,1
bd29e1a9-b9bd-440e-80db-28fcbba6fdd8,660298,Landing Page Submission,Welingak Website,No,No,0,14,977,14.0,SMS Sent,,Hospitality Management,Multiple Sources,Unemployed,Better Career Prospects,No,No,No,No,No,No,No,No,Lost to EINS,,No,No,Lateral Student,Other Cities of Maharashtra,02.Medium,02.Medium,14,15,No,No,Page Visited on Website,0.9998435,1
64287ee5-0142-4557-8c4a-8ac64980bcf1,660297,Quick Add Form,Email,No,No,0,2,1071,2.0,Email Opened,United States,Operations Management,Online Search,,,No,No,No,No,No,No,No,No,in touch with EINS,High in Relevance,No,No,Potential Lead,Other Cities of Maharashtra,02.Medium,02.Medium,16,15,No,No,Email Opened,0.69073063,1
e32094f4-a531-4bec-9a00-f9a6ce715413,660296,Landing Page Submission,Welingak Website,No,No,0,8,1762,8.0,Email Opened,Qatar,Business Administration,Email,Working Professional,Better Career Prospects,No,No,No,No,No,No,No,No,number not provided,Low in Relevance,No,No,Lateral Student,,01.High,01.High,17,15,No,No,Email Opened,0.98633146,1
5e22ccbd-568b-4899-aca6-2b3138b46365,660295,API,Olark Chat,No,No,1,0,0,0.0,Page Visited on Website,United States,Operations Management,Other,Other,Flexibility & Convenience,No,No,No,No,No,No,No,No,Diploma holder (Not Eligible),High in Relevance,No,No,Potential Lead,Other Cities of Maharashtra,02.Medium,03.Low,14,12,No,No,Page Visited on Website,0.0027430216,0
0549c8ad-254f-46b5-8318-a73ed6e33666,660294,API,Google,No,No,0,2,1216,2.0,Unsubscribed,Saudi Arabia,IT Projects Management,Reference,Unemployed,Affordable Fees,No,No,No,No,No,No,No,No,Already a student,Might be,No,No,Lateral Student,Other Cities,,01.High,13,18,No,No,Unsubscribed,0.23370445,0
7d735781-06d3-4fef-8765-c6509ca87cb4,660293,Quick Add Form,Welingak Website,No,No,0,4,393,4.0,Olark Chat Conversation,Saudi Arabia,IT Projects Management,Select,Businessman,,No,No,No,No,No,No,No,No,opp hangup,Might be,No,No,Lateral Student,Thane & Outskirts,02.Medium,02.Medium,13,16,No,Yes,Page Visited on Website,0.14493115,0
d0a28bc0-abe9-4607-a78c-362db70fbcb9,660292,Lead Import,Welingak Website,No,No,0,17,1235,17.0,View in browser link Clicked,Qatar,Operations Management,Student of SomeSchool,,Flexibility & Convenience,No,No,No,No,No,No,No,No,Busy,High in Relevance,No,No,,Mumbai,,01.High,10,16,No,No,Modified,0.92998666,1
3591692f-1ed6-449d-9a2c-ad95d0f1f417,660291,API,Organic Search,Yes,No,0,11,1527,11.0,Unsubscribed,India,Hospitality Management,Multiple Sources,Working Professional,Flexibility & Convenience,No,No,No,No,No,No,No,No,,Might be,No,No,Select,Mumbai,03.Low,03.Low,10,12,No,No,Unsubscribed,0.9726398,1
6417ce0f-e75c-4dde-acc1-ae2e9c94cbf7,660290,API,Referral Sites,No,No,0,13,378,13.0,Olark Chat Conversation,Bahrain,Select,Select,Other,,No,No,No,No,No,No,No,No,Will revert after reading the email,Worst,No,No,Lateral Student,Other Metro Cities,01.High,01.High,18,17,No,No,Olark Chat Conversation,0.5845442,1
b1c40bac-d5fb-4975-85c2-33acfea995e2,660289,Landing Page Submission,Email,No,No,0,12,598,12.0,Had a Phone Conversation,UAE,Human Resource Management,Online Search,Other,Quality Education,No,No,No,No,No,No,No,No,number not provided,Worst,No,No,,Thane & Outskirts,02.Medium,01.High,16,16,No,No,Email Opened,0.009442014,0
ecf13a3f-0c55-4e6e-b734-91e0c0adaf4b,660288,Lead Import,Google,No,No,0,17,1214,17.0,Email Link Clicked,Oman,Select,Email,Businessman,Flexibility & Convenience,No,No,No,No,No,No,No,No,Busy,Not Sure,No,No,Dual Specialization Student,Other Metro Cities,01.High,01.High,15,15,No,No,Email Link Clicked,0.9305042,1
bd559386-0f4e-41cc-8815-3459c8ee527e,660287,Lead Import,Reference,No,No,0,3,340,3.0,Page Visited on Website,United Kingdom,E-COMMERCE,Select,,,No,No,No,No,No,No,No,No,opp hangup,,No,No,Dual Specialization Student,Other Cities of Maharashtra,01.High,01.High,17,16,No,No,Page Visited on Website,0.016205152,0
702d351a-cb1c-44ef-979e-45de319e62be,660286,Landing Page Submission,Facebook,No,No,1,3,1412,3.0,Page Visited on Website,Singapore,Media and Advertising,Select,,Quality Education,No,No,No,No,No,No,No,No,opp hangup,Low in Relevance,No,No,Other Leads,Other Cities of Maharashtra,01.High,02.Medium,17,16,No,No,Page Visited on Website,0.028037958,0
0182cad4-d517-42ec-98a7-3aa719ab8177,660285,Quick Add Form,Referral Sites,No,No,0,9,1024,9.0,Page Visited on Website,India,Business Administration,Select,,Quality Education,No,No,No,No,No,No,No,No,in touch with EINS,Not Sure,No,No,Dual Specialization Student,,01.High,01.High,15,17,Yes,No,Page Visited on Website,0.3948095,0
218fb10f-ecd9-4cfe-8a3d-285cc6669fca,660284,API,Reference,No,No,1,15,503,15.0,Form Submitted on Website,,Hospitality Management,Select,,Flexibility & Convenience,No,No,No,No,No,No,No,No,Busy,High in Relevance,No,No,Dual Specialization Student,Other Metro Cities,02.Medium,02.Medium,13,13,No,No,Unreachable,0.44847828,0
0b9a119e-5dcc-4830-b967-26717efb68fc,660283,Landing Page Submission,Direct Traffic,No,No,0,7,678,7.0,Email Bounced,Saudi Arabia,E-COMMERCE,Other,Unemployed,Flexibility & Convenience,No,No,No,No,No,No,No,No,,Low in Relevance,No,No,Dual Specialization Student,Other Cities of Maharashtra,02.Medium,03.Low,16,10,No,Yes,Email Opened,0.515564,1
8af41994-14f7-47da-af5d-dfbeb616f32e,660282,API,Olark Chat,No,No,0,3,782,3.0,Converted to Lead,Oman,International Business,Other,,Better Career Prospects,No,No,No,No,No,No,No,No,opp hangup,,No,No,Dual Specialization Student,Other Cities of Maharashtra,02.Medium,02.Medium,15,13,No,No,Olark Chat Conversation,0.12472713,0
14212607-b694-47b7-ba99-48450aa26f13,660281,Lead Add Form,Google,No,No,0,7,1693,7.0,Page Visited on Website,,Services Excellence,Email,Businessman,,No,No,No,No,No,No,No,No,Closed by Horizzon,Might be,No,No,Dual Specialization Student,Thane & Outskirts,01.High,02.Medium,16,12,No,No,Page Visited on Website,0.9953289,1
10338882-8be0-4b5e-bae3-dff8c9812dbe,660280,API,YouTube,No,No,0,4,743,4.0,Olark Chat Conversation,,Marketing Management,Email,Working Professional,Better Career Prospects,No,No,No,No,No,No,No,No,,,No,No,Lateral Student,Other Cities,03.Low,02.Medium,10,12,No,Yes,Email Opened,0.98274374,1
bac08f00-83a5-488f-981d-9c77d6c682f9,660279,Quick Add Form,YouTube,No,No,0,14,987,14.0,Converted to Lead,India,Human Resource Management,Student of SomeSchool,,,No,No,No,No,No,No,No,No,Interested in other courses,Not Sure,No,No,Other Leads,Other Metro Cities,02.Medium,02.Medium,15,12,No,Yes,Email Opened,0.03519449,0
d18d52bd-3976-4a62-9ac2-787c4b66c9a8,660278,Quick Add Form,YouTube,No,No,1,13,1243,13.0,Unreachable,,Human Resource Management,Email,Unemployed,Quality Education,No,No,No,No,No,No,No,No,,,No,No,Dual Specialization Student,Other Metro Cities,02.Medium,01.High,16,17,No,No,Unreachable,0.99503124,1
967730ea-6c5b-43c8-bcd0-4fc84c606928,660277,Quick Add Form,Referral Sites,No,No,1,7,1643,7.0,Page Visited on Website,Singapore,Select,Reference,Other,,No,No,No,No,No,No,No,No,in touch with EINS,High in Relevance,No,No,Dual Specialization Student,Mumbai,01.High,01.High,16,17,No,Yes,Page Visited on Website,0.66269773,1
f618d7df-60b2-4ff1-a613-81e307b3c3ee,660276,Lead Add Form,Organic Search,No,No,0,2,1000,2.0,View in browser link Clicked,Qatar,Human Resource Management,Online Search,Businessman,Better Career Prospects,No,No,No,No,No,No,No,No,Already a student,Not Sure,No,No,Other Leads,,01.High,02.Medium,16,15,No,No,Page Visited on Website,0.23910148,0
bdcc7a12-fe7e-4e05-996c-d175a0fc32f7,660275,Quick Add Form,Referral Sites,No,No,1,2,316,4.6,SMS Sent,India,Services Excellence,Word Of Mouth,Unemployed,Affordable Fees,No,No,No,No,No,No,No,No,Diploma holder (Not Eligible),Worst,No,No,Select,Mumbai,02.Medium,,15,15,No,No,Page Visited on Website,0.06436956,0
8f5a8944-8a5f-423d-a8a0-0153a271b037,660274,Landing Page Submission,Email,No,No,1,15,864,15.0,Form Submitted on Website,,Supply Chain Management,Email,Unemployed,Flexibility & Convenience,No,No,No,No,No,No,No,No,Graduation in progress,High in Relevance,No,No,Other Leads,Other Cities of Maharashtra,02.Medium,01.High,15,18,No,Yes,Email Opened,0.27487347,0
800b70d0-1a21-4104-808d-f789a907899a,660273,API,Referral Sites,No,No,1,13,1538,13.0,Unsubscribed,Kuwait,Select,Other,Other,,No,No,No,No,No,No,No,No,Busy,Not Sure,No,No,Potential Lead,Thane & Outskirts,01.High,01.High,15,17,Yes,No,Unsubscribed,0.95723855,1
c3812ba5-b038-4e4c-8cf1-8166cf2bf361,660272,Landing Page Submission,Direct Traffic,No,No,0,11,1023,11.0,Form Submitted on Website,United States,Finance Management,Multiple Sources,Unemployed,Better Career Prospects,No,No,No,No,No,No,No,No,Interested in other courses,Might be,No,No,Potential Lead,Other Cities,03.Low,02.Medium,9,16,No,No,Page Visited on Website,0.16560659,0
0b13a326-02fb-4b5c-8828-82ac1318048c,660271,API,Google,No,Yes,0,11,438,11.0,Modified,Saudi Arabia,E-COMMERCE,Reference,Businessman,Affordable Fees,No,No,No,No,No,No,No,No,switched off,Low in Relevance,No,No,,Mumbai,01.High,03.Low,17,13,No,Yes,Modified,0.0020345207,0
c3435ddb-b48d-4971-ac19-d412d16b5277,660270,API,Reference,No,No,1,6,1187,6.0,Converted to Lead,Saudi Arabia,Hospitality Management,Student of SomeSchool,Unemployed,,No,No,No,No,No,No,No,No,in touch with EINS,,No,No,Dual Specialization Student,Other Cities of Maharashtra,02.Medium,02.Medium,13,12,No,No,Email Opened,0.02759297,0
55cf7071-cb51-4c9a-bc92-29b3fa207a44,660269,Quick Add Form,Facebook,Yes,No,0,6,1804,6.0,Email Opened,United Kingdom,International Business,Online Search,Businessman,,No,No,No,No,No,No,No,No,in touch with EINS,High in Relevance,No,No,Lateral Student,,02.Medium,02.Medium,14,13,No,No,Email Opened,0.7511818,1
b3280bc0-f665-40ee-8391-54b714f1f5d2,660268,Quick Add Form,Email,Yes,No,1,15,1564,15.0,Unsubscribed,United Kingdom,Retail Management,Reference,Unemployed,Better Career Prospects,No,No,No,No,No,No,No,No,Busy,,No,No,Lateral Student,Mumbai,02.Medium,02.Medium,14,15,No,No,Unsubscribed,0.99854267,1
eb44b191-8289-4888-a0d4-d516d8dc188d,660267,API,Google,Yes,No,0,10,1973,10.0,Had a Phone Conversation,,Media and Advertising,Other,,Affordable Fees,No,No,No,No,No,No,No,No,Lost to EINS,,No,No,Lateral Student,,02.Medium,02.Medium,12,13,No,No,Olark Chat Conversation,0.9916431,1
79def352-d8b1-49be-a40b-886ae5f4e7d7,660266,Lead Add Form,Email,No,No,0,6,1631,6.0,Form Submitted on Website,United States,E-COMMERCE,Multiple Sources,,,No,No,No,No,No,No,No,No,Busy,Worst,No,No,Dual Specialization Student,Other Cities,02.Medium,02.Medium,14,15,No,Yes,Email Opened,0.9825848,1
846a1237-1af7-409e-81a3-79a33741cd0b,660265,Lead Add Form,Olark Chat,No,No,0,3,1273,3.0,Page Visited on Website,Kuwait,Business Administration,Select,Unemployed,Flexibility & Convenience,No,No,No,No,No,No,No,No,opp hangup,Not Sure,No,No,Lateral Student,Thane & Outskirts,03.Low,02.Medium,12,12,No,No,Page Visited on Website,0.23972991,0
b8c05422-b038-4ae3-a23d-ba00bb1d4705,660264,Lead Add Form,Referral Sites,Yes,No,0,10,1603,10.0,Unsubscribed,UAE,Hospitality Management,Other,Working Professional,Flexibility & Convenience,No,No,No,No,No,No,No,No,number not provided,Not Sure,No,No,,,02.Medium,03.Low,16,13,No,No,Unsubscribed,0.26973024,0
f0915794-7926-4381-8fd8-1f41e2cbec9e,660263,Landing Page Submission,Facebook,No,No,0,8,1406,8.0,SMS Sent,Qatar,"Banking, Investment And Insurance",Other,Student,Affordable Fees,No,No,No,No,No,No,No,No,Will revert after reading the email,Worst,No,No,Potential Lead,,02.Medium,03.Low,15,12,No,No,Email Opened,0.9909787,1
341175c5-0082-4492-98c1-300b1cc3acc5,660262,API,YouTube,No,No,0,4,1075,4.0,SMS Sent,Saudi Arabia,Operations Management,Other,Unemployed,Flexibility & Convenience,No,No,No,No,No,No,No,No,Lost to EINS,Worst,No,No,Lateral Student,,,02.Medium,17,13,No,No,Olark Chat Conversation,0.9797667,1
53e8a60a-a454-4a34-aaa1-8d56ff18de4b,660261,Lead Add Form,Facebook,No,Yes,1,6,1292,6.0,Had a Phone Conversation,Singapore,Services Excellence,Other,Unemployed,Better Career Prospects,No,No,No,No,No,No,No,No,opp hangup,High in Relevance,No,No,Potential Lead,,01.High,01.High,18,18,No,Yes,Email Opened,0.20117122,0
6bf83385-e716-459d-bf63-1b6319bdad32,660260,Landing Page Submission,Referral Sites,No,No,0,15,312,15.0,Email Opened,Singapore,Select,Student of SomeSchool,Businessman,Quality Education,No,No,No,No,No,No,No,No,in touch with EINS,Not Sure,No,No,,,01.High,02.Medium,18,12,No,No,Email Opened,0.014091318,0
3082209e-2111-407c-9b72-31cd409173e5,660259,API,Email,No,No,0,15,136,15.0,Unsubscribed,Singapore,Healthcare Management,Student of SomeSchool,Unemployed,Affordable Fees,No,No,No,No,No,No,No,No,Diploma holder (Not Eligible),High in Relevance,No,No,Dual Specialization Student,Other Metro Cities,02.Medium,02.Medium,12,14,No,No,Unsubscribed,0.19440475,0
c64b5f96-2dd1-458b-b934-e5efcc6156eb,660258,API,Olark Chat,No,No,0,2,1756,2.0,Olark Chat Conversation,United States,International Business,Email,Businessman,Affordable Fees,No,No,No,No,No,No,No,No,Ringing,Might be,No,No,Other Leads,Other Cities of Maharashtra,02.Medium,02.Medium,16,15,No,No,Unreachable,0.21166566,0
323a180c-4ffb-4b68-a6e7-42ddbec31049,660257,Lead Import,Olark Chat,No,No,0,11,1647,11.0,Email Opened,Qatar,"Banking, Investment And Insurance",Email,Businessman,Quality Education,No,No,No,No,No,No,No,No,opp hangup,High in Relevance,No,No,Potential Lead,Mumbai,02.Medium,01.High,16,16,No,No,Email Opened,0.78084975,1
6c092900-0c7e-4349-a7d6-e5a20f14980c,660256,Quick Add Form,Reference,No,No,0,9,599,9.0,SMS Sent,India,Marketing Management,Multiple Sources,Student,,No,No,No,No,No,No,No,No,Already a student,Low in Relevance,No,No,,Other Metro Cities,03.Low,02.Medium,10,12,No,No,Page Visited on Website,0.0151951695,0
0a872772-d314-43d3-b15b-38055b094166,660255,Quick Add Form,Facebook,No,No,0,14,1480,14.0,Email Bounced,,Supply Chain Management,Select,Businessman,,No,No,No,No,No,No,No,No,Diploma holder (Not Eligible),Not Sure,No,No,Other Leads,Other Cities,03.Low,01.High,9,17,No,No,Email Opened,0.1291286,0
a14f4a5d-112b-42b3-aff6-812baa8fff1c,660254,Landing Page Submission,Welingak Website,Yes,No,0,6,1593,6.0,Email Opened,,Human Resource Management,Multiple Sources,Unemployed,,No,No,No,No,No,No,No,No,Closed by Horizzon,Might be,No,No,Lateral Student,Other Metro Cities,01.High,01.High,17,17,No,Yes,Email Opened,0.9986847,1
aefb6c97-5726-46e7-bdf5-9610b281dc51,660253,Landing Page Submission,Facebook,No,No,0,6,497,6.0,Email Link Clicked,India,Select,Multiple Sources,Working Professional,,No,No,No,No,No,No,No,No,Closed by Horizzon,Not Sure,No,No,Potential Lead,Other Cities,02.Medium,01.High,12,16,No,Yes,Email Link Clicked,0.9498971,1
59899049-538a-4d47-8965-6711aca3a0ac,660252,API,Email,No,Yes,0,4,1335,3.53,Olark Chat Conversation,United Kingdom,Select,Reference,Businessman,Quality Education,No,No,No,No,No,No,No,No,Closed by Horizzon,Might be,No,No,Select,,02.Medium,01.High,14,18,No,No,Email Opened,0.99800235,1
f562698a-05cc-4225-946a-da84784a231c,660251,API,Olark Chat,No,No,1,3,950,3.0,Email Bounced,,Select,Multiple Sources,Working Professional,Quality Education,No,No,No,No,No,No,No,No,Already a student,,No,No,Lateral Student,Other Metro Cities,03.Low,01.High,12,18,No,No,Olark Chat Conversation,0.044399504,0
711c1096-334b-4172-8d69-e187402904e7,660250,Quick Add Form,Google,No,No,0,14,1654,14.0,Email Opened,United States,Healthcare Management,Online Search,Unemployed,Affordable Fees,No,No,No,No,No,No,No,No,number not provided,,No,No,Lateral Student,,01.High,01.High,17,16,Yes,No,Email Opened,0.821472,1
d9cd3c97-364c-4edd-accb-4b99b5d81c3d,660249,Lead Import,Google,No,No,0,1,1418,1.0,Had a Phone Conversation,Kuwait,Select,Reference,Unemployed,Quality Education,No,No,No,No,No,No,No,No,,High in Relevance,No,No,Dual Specialization Student,,01.High,01.High,15,18,No,No,Page Visited on Website,0.91635484,1
b4ca9dd6-24fd-4a41-8bdf-af2abd2c0447,660248,Lead Add Form,Welingak Website,No,No,0,7,1219,7.0,Unsubscribed,India,Select,Student of SomeSchool,Other,Quality Education,No,No,No,No,No,No,No,No,Graduation in progress,High in Relevance,No,No,Select,Other Metro Cities,02.Medium,02.Medium,14,12,No,No,Unsubscribed,0.9701524,1
4eeb69ed-6546-4cf8-b4dd-ac982399b1c5,660247,Quick Add Form,Organic Search,No,No,0,7,1172,7.0,Olark Chat Conversation,UAE,Services Excellence,Multiple Sources,Businessman,Quality Education,No,No,No,No,No,No,No,No,Will revert after reading the email,Worst,No,No,Potential Lead,Mumbai,02.Medium,02.Medium,16,16,No,No,Email Opened,0.99543375,1
5d4714b3-9e1b-4aa4-9770-28f9c117905e,660246,API,Direct Traffic,No,No,0,15,869,15.0,Unreachable,United States,Healthcare Management,Multiple Sources,,,No,No,No,No,No,No,No,No,switched off,High in Relevance,No,No,,Select,02.Medium,01.High,13,16,No,No,Unreachable,0.008047081,0
9ab4dfa4-12b1-4761-ba8d-2fca0177ccc5,660245,API,Welingak Website,No,No,0,11,1759,11.0,Page Visited on Website,India,Marketing Management,Select,,Flexibility & Convenience,No,No,No,No,No,No,No,No,Graduation in progress,High in Relevance,No,No,,,02.Medium,03.Low,16,13,No,No,Page Visited on Website,0.91365534,1
a0b7f9c6-5d46-4690-b7b0-c549a08b9712,660244,Quick Add Form,YouTube,Yes,No,1,13,330,13.0,Email Bounced,,Media and Advertising,Select,Working Professional,Flexibility & Convenience,No,No,No,No,No,No,No,No,Ringing,,No,No,Lateral Student,,03.Low,02.Medium,12,13,No,No,Unreachable,0.04861231,0
57560b15-8340-4a2c-a196-79a6abd65d46,660243,Landing Page Submission,Referral Sites,Yes,No,1,6,959,6.0,Form Submitted on Website,United States,Healthcare Management,Online Search,Other,Affordable Fees,No,No,No,No,No,No,No,No,number not provided,Worst,No,No,Lateral Student,Other Cities,01.High,03.Low,16,12,No,Yes,Olark Chat Conversation,0.016877979,0
1d85cf47-5443-4225-87b9-ef54917d6917,660242,Lead Add Form,Email,No,No,0,13,1584,13.0,SMS Sent,,Human Resource Management,Student of SomeSchool,Other,Affordable Fees,No,No,No,No,No,No,No,No,,Low in Relevance,No,No,Dual Specialization Student,Other Metro Cities,02.Medium,02.Medium,14,14,No,No,Unreachable,0.9814936,1
5364a240-fb29-4e35-aa81-2b0652524171,660241,Quick Add Form,Direct Traffic,No,No,1,16,1945,16.0,Modified,Kuwait,Services Excellence,Email,,,No,No,No,No,No,No,No,No,number not provided,Worst,No,No,Select,Mumbai,02.Medium,01.High,16,15,No,No,Modified,0.07100738,0
93c84149-a086-45d0-af5e-b649481a594f,660240,Lead Import,Referral Sites,No,No,1,16,237,16.0,Unsubscribed,Saudi Arabia,Media and Advertising,Multiple Sources,Businessman,,No,No,No,No,No,No,No,No,,Low in Relevance,No,No,Potential Lead,,02.Medium,01.High,16,18,No,No,Unsubscribed,0.22611515,0
d9f4c2c7-875d-4fd9-80ea-7f9dae4450b1,660239,API,Google,No,No,0,14,1600,14.0,Unsubscribed,United States,Hospitality Management,Multiple Sources,Student,Flexibility & Convenience,No,No,No,No,No,No,No,No,opp hangup,High in Relevance,No,No,Other Leads,Other Cities,02.Medium,01.High,16,18,No,No,Unsubscribed,0.83168584,1
f2c0070b-eca5-4177-8165-c699ecb84b54,660238,Landing Page Submission,Direct Traffic,No,No,0,13,1694,13.0,Email Bounced,Singapore,Healthcare Management,Other,Unemployed,,No,No,No,No,No,No,No,No,Ringing,Not Sure,No,No,Potential Lead,Other Cities,02.Medium,02.Medium,14,12,No,No,Modified,0.0760094,0
403cddbb-7934-42ac-a6b7-e9d060d3f3ee,660237,Landing Page Submission,Facebook,No,No,1,11,1614,11.0,View in browser link Clicked,Kuwait,Rural and Agribusiness,Other,Unemployed,Quality Education,No,No,No,No,No,No,No,No,Lost to EINS,,No,No,Select,Other Cities,02.Medium,01.High,12,15,No,No,Unreachable,0.9958948,1
f0d540d6-0b9d-4ce3-abe6-aac829f2e233,660236,API,Reference,No,No,1,2,1588,2.0,Had a Phone Conversation,Bahrain,International Business,Email,Student,Better Career Prospects,No,No,No,No,No,No,No,No,switched off,,No,No,Lateral Student,Mumbai,02.Medium,02.Medium,16,16,No,Yes,Olark Chat Conversation,0.05109047,0
db3657f4-831e-4824-8a61-76d3e489ec02,660235,Landing Page Submission,Referral Sites,No,No,0,9,516,9.0,Page Visited on Website,,International Business,Email,Student,Better Career Prospects,No,No,No,No,No,No,No,No,switched off,Worst,No,No,Dual Specialization Student,,01.High,02.Medium,15,13,No,No,Page Visited on Website,0.0012066839,0
8bc1660d-61eb-4d19-ae64-51300c227081,660234,Lead Add Form,Olark Chat,No,No,0,13,297,13.0,Converted to Lead,Bahrain,Select,Student of SomeSchool,Businessman,,No,No,No,No,No,No,No,No,,Low in Relevance,No,No,,Thane & Outskirts,02.Medium,01.High,15,17,No,No,Email Opened,0.03520355,0
72c212a2-64ef-4572-b0c5-fa62212b36cd,660233,Landing Page Submission,Welingak Website,No,No,1,13,505,13.0,Unsubscribed,India,IT Projects Management,Email,Businessman,,No,No,No,No,No,No,No,No,Closed by Horizzon,High in Relevance,No,No,Other Leads,,02.Medium,02.Medium,12,16,No,No,Unsubscribed,0.999706,1
09b99581-dd42-4765-9f43-c9e208453020,660232,Lead Add Form,Direct Traffic,No,No,1,10,1142,10.0,SMS Sent,Kuwait,Select,Multiple Sources,Student,,No,No,No,No,No,No,No,No,,Worst,No,No,Lateral Student,Other Metro Cities,01.High,02.Medium,16,14,No,No,Unreachable,0.85834724,1
6f3c8341-ba1f-44b0-bcda-d5617f9f97d8,660231,Lead Add Form,Welingak Website,Yes,No,0,4,1418,4.0,Page Visited on Website,Saudi Arabia,Hospitality Management,Reference,Student,,No,No,No,No,No,No,No,No,,,No,No,Dual Specialization Student,Other Cities,02.Medium,01.High,14,17,No,No,Page Visited on Website,0.4776839,0
39c2890d-48a4-4b57-84ef-62019eda4f34,660230,Quick Add Form,Facebook,Yes,No,0,1,997,1.0,Modified,India,Media and Advertising,Word Of Mouth,Student,Affordable Fees,No,No,No,No,No,No,No,No,Busy,,No,No,Select,,,01.High,15,18,No,No,Modified,0.22768289,0
eae2dcb3-792d-4886-a410-648554245480,660229,Quick Add Form,Olark Chat,No,No,1,14,1644,14.0,Page Visited on Website,Oman,Business Administration,Email,,Better Career Prospects,No,No,No,No,No,No,No,No,switched off,High in Relevance,No,No,Lateral Student,,02.Medium,01.High,14,18,No,No,Page Visited on Website,0.17902009,0
e9079ecd-efca-49bb-9f66-4a37c66b1528,660228,Landing Page Submission,Olark Chat,No,No,0,12,1026,12.0,Modified,India,International Business,Select,Businessman,Better Career Prospects,No,No,No,No,No,No,No,No,opp hangup,High in Relevance,No,No,Select,Other Metro Cities,02.Medium,03.Low,14,13,No,No,Modified,0.15669852,0
293754ad-4316-47ed-9343-f154276fbaae,660227,Quick Add Form,YouTube,Yes,No,0,1,934,7.02,Email Bounced,,International Business,Email,Other,Better Career Prospects,No,No,No,No,No,No,No,No,number not provided,High in Relevance,No,No,,Other Cities of Maharashtra,02.Medium,01.High,16,18,No,No,Olark Chat Conversation,0.024148412,0
351a16d8-65d9-48b4-a9aa-464f5890d3ad,660226,Lead Import,Olark Chat,No,No,1,6,788,6.0,Form Submitted on Website,Singapore,Select,Other,Businessman,Better Career Prospects,No,No,No,No,No,No,No,No,opp hangup,Low in Relevance,No,No,Potential Lead,Thane & Outskirts,02.Medium,02.Medium,15,12,No,No,Olark Chat Conversation,0.021668253,0
c97740e4-9ce6-44fa-b840-d28b5b7cceed,660225,API,Olark Chat,Yes,No,1,16,305,16.0,Unreachable,Qatar,Select,Word Of Mouth,,Better Career Prospects,No,No,No,No,No,No,No,No,Busy,,No,No,Lateral Student,Other Cities of Maharashtra,02.Medium,03.Low,12,10,No,Yes,Unreachable,0.1491238,0
4a125b18-32c9-4a01-894f-873aeec71087,660224,Quick Add Form,Email,No,No,0,11,347,11.0,Had a Phone Conversation,United States,Marketing Management,Online Search,Businessman,Affordable Fees,No,No,No,No,No,No,No,No,in touch with EINS,Low in Relevance,No,No,Other Leads,,01.High,02.Medium,15,14,No,No,Email Opened,0.34473428,0
162d79bd-c00a-4082-b776-aba7df72c6f1,660223,Lead Add Form,Organic Search,Yes,No,0,13,712,13.0,Email Link Clicked,Bahrain,Select,Email,Student,Affordable Fees,No,No,No,No,No,No,No,No,,Might be,No,No,Potential Lead,Thane & Outskirts,02.Medium,02.Medium,12,13,No,No,Email Link Clicked,0.11974711,0
a2d0a98b-52ba-4baa-864e-d49314ab8988,660222,API,Reference,No,No,1,0,0,0.0,Converted to Lead,,Healthcare Management,Student of SomeSchool,,Quality Education,No,No,No,No,No,No,No,No,Closed by Horizzon,Low in Relevance,No,No,Select,Thane & Outskirts,02.Medium,02.Medium,13,16,No,No,Olark Chat Conversation,0.9487422,1
c3d90553-0c37-40e0-be3b-83b83e677720,660221,Quick Add Form,Olark Chat,No,No,0,3,1318,3.7,Form Submitted on Website,India,Services Excellence,Select,,,No,No,No,No,No,No,No,No,in touch with EINS,High in Relevance,No,No,Other Leads,Other Cities of Maharashtra,,02.Medium,13,16,No,No,Modified,0.029128645,0
151fb1c0-6a22-4a00-917a-7da7fe3bdd6c,660220,Landing Page Submission,Welingak Website,No,No,0,4,1854,4.0,View in browser link Clicked,,Hospitality Management,Email,Unemployed,Quality Education,No,No,No,No,No,No,No,No,Graduation in progress,,No,No,Select,Mumbai,02.Medium,02.Medium,13,15,No,No,Olark Chat Conversation,0.8626348,1
27dc55fb-f2ca-45cc-b47d-1df2d8e6b179,660219,Quick Add Form,Referral Sites,No,No,0,6,1663,6.0,Email Link Clicked,United Kingdom,Services Excellence,Select,,,No,No,No,No,No,No,No,No,switched off,,No,No,,,03.Low,01.High,9,18,No,No,Email Link Clicked,0.006157808,0
d984f50b-2fb8-4775-98ab-2c7cd43e88aa,660218,API,Welingak Website,No,No,1,1,1256,1.0,Olark Chat Conversation,Kuwait,Retail Management,Reference,,,No,No,No,No,No,No,No,No,opp hangup,High in Relevance,No,No,Select,Mumbai,01.High,01.High,17,16,No,No,Page Visited on Website,0.20035554,0
91ce0b4b-e6da-451b-a034-ee01e109f10c,660217,Lead Import,Welingak Website,No,No,1,0,0,0.0,Unreachable,Kuwait,Select,Multiple Sources,,Affordable Fees,No,No,No,No,No,No,No,No,Ringing,Low in Relevance,No,No,Potential Lead,,02.Medium,,15,11,No,No,Unreachable,0.024818787,0
27e10854-78dc-45c5-a445-84814179c1ac,660216,Quick Add Form,Referral Sites,No,No,0,8,588,8.0,Unsubscribed,Kuwait,Select,Word Of Mouth,,Flexibility & Convenience,No,No,No,No,No,No,No,No,number not provided,Might be,No,No,Other Leads,Other Cities of Maharashtra,02.Medium,01.High,12,16,No,No,Unsubscribed,0.045210026,0
f8b139ff-a883-448a-ac7d-78c9b59d38af,660215,Quick Add Form,Organic Search,No,No,1,10,1137,10.0,Email Bounced,Singapore,Services Excellence,Online Search,,Flexibility & Convenience,No,No,No,No,No,No,No,No,switched off,Not Sure,No,No,Select,Other Cities of Maharashtra,02.Medium,02.Medium,15,12,No,No,Modified,0.001433369,0
4af26d21-fd79-4eda-bb6e-e2be702d0b05,660214,API,YouTube,No,No,1,14,1211,14.0,Email Bounced,,Rural and Agribusiness,Email,Unemployed,Quality Education,No,No,No,No,No,No,No,No,Lost to EINS,Low in Relevance,No,No,Potential Lead,Thane & Outskirts,02.Medium,01.High,15,18,No,No,Modified,0.99913174,1
64d31ea6-735f-4b2b-b9aa-0d336c7210c0,660213,Landing Page Submission,Olark Chat,No,No,0,2,957,2.0,Converted to Lead,United Kingdom,Healthcare Management,Word Of Mouth,Businessman,Quality Education,No,No,No,No,No,No,No,No,Already a student,,No,No,Lateral Student,Mumbai,03.Low,03.Low,13,13,No,Yes,Olark Chat Conversation,0.07459121,0
75b15629-601e-4894-9c9f-4908cba45581,660212,Lead Import,Email,No,No,1,3,33,8.25,Modified,Oman,E-COMMERCE,Reference,Working Professional,Flexibility & Convenience,No,No,No,No,No,No,No,No,switched off,Low in Relevance,No,No,,Other Cities,02.Medium,02.Medium,14,13,No,Yes,Modified,0.002353991,0
8d61c49d-8b1f-4ed0-a892-97d32ed33842,660211,Lead Import,Welingak Website,No,No,1,17,1057,17.0,Email Link Clicked,United Kingdom,"Banking, Investment And Insurance",Online Search,,,No,No,No,No,No,No,No,No,Already a student,Low in Relevance,No,No,Other Leads,,02.Medium,02.Medium,14,13,No,No,Email Link Clicked,0.03364218,0
6e476e00-eeac-4957-9976-4c8d2072039e,660210,Lead Import,YouTube,No,No,0,12,1360,12.0,Unreachable,India,Business Administration,Other,,Affordable Fees,No,No,No,No,No,No,No,No,Lost to EINS,Might be,No,No,Potential Lead,Mumbai,02.Medium,01.High,16,18,No,Yes,Unreachable,0.9990133,1
81e1f206-f458-4ad4-80a6-6a5f532177ad,660209,Lead Add Form,Organic Search,No,No,0,15,218,15.0,Email Bounced,,"Banking, Investment And Insurance",Multiple Sources,Businessman,Flexibility & Convenience,No,No,No,No,No,No,No,No,switched off,Worst,No,No,Other Leads,Other Cities,02.Medium,01.High,16,16,No,No,Page Visited on Website,0.0011908795,0
4fb4bd6a-e704-41e6-8f81-00454cb92c25,660208,Quick Add Form,Welingak Website,No,No,0,11,226,11.0,Email Bounced,UAE,Select,Online Search,Unemployed,Affordable Fees,No,No,No,No,No,No,No,No,,Worst,No,No,Lateral Student,Thane & Outskirts,02.Medium,01.High,13,15,No,No,Olark Chat Conversation,0.9215678,1
b9660691-7f03-47d7-bdac-c0ccab25b544,660207,API,Welingak Website,No,No,0,0,0,0.0,Email Opened,Saudi Arabia,Business Administration,Email,Unemployed,Better Career Prospects,No,No,No,No,No,No,No,No,Busy,High in Relevance,No,No,,,01.High,02.Medium,18,15,No,Yes,Email Opened,0.5787966,1
cb3f9c39-97f9-491b-9bd3-47fc3a0fb737,660206,Landing Page Submission,Referral Sites,No,No,0,10,575,10.0,View in browser link Clicked,Singapore,Retail Management,Student of SomeSchool,Unemployed,,No,No,No,No,No,No,No,No,Closed by Horizzon,Might be,No,No,Select,,01.High,02.Medium,17,13,No,No,Olark Chat Conversation,0.5269689,1
136890e4-4393-4909-81d8-c7536b8188c4,660205,Lead Import,YouTube,No,No,1,3,285,3.0,Unreachable,Qatar,Healthcare Management,Select,Businessman,Flexibility & Convenience,No,No,No,No,No,No,No,No,Graduation in progress,Low in Relevance,No,No,Other Leads,Other Cities of Maharashtra,02.Medium,02.Medium,15,16,No,Yes,Unreachable,0.08268394,0
49b4db8f-4abc-4ed0-80fc-74a3b6a9ae48,660204,API,YouTube,No,No,0,10,1298,10.0,Page Visited on Website,India,Retail Management,Reference,Student,,No,No,No,No,No,No,No,No,Busy,Might be,No,No,Potential Lead,Other Cities,03.Low,02.Medium,9,15,No,No,Page Visited on Website,0.34940043,0
fd9dfe75-d503-4380-b2ea-061c2110bb7e,660203,Lead Add Form,Facebook,No,No,1,9,732,9.0,Email Bounced,Qatar,Select,Email,Businessman,,No,No,No,No,No,No,No,No,Closed by Horizzon,Low in Relevance,No,No,Dual Specialization Student,,01.High,03.Low,15,9,No,No,Page Visited on Website,0.9818294,1
f80b2150-038a-4ff3-a885-37a561fb4130,660202,Lead Import,YouTube,No,No,0,9,1879,9.0,Unsubscribed,Bahrain,International Business,Reference,Unemployed,Better Career Prospects,No,No,No,No,No,No,No,No,,High in Relevance,No,No,Dual Specialization Student,,01.High,02.Medium,18,13,No,No,Unsubscribed,0.9951622,1
30a8c940-a244-4ff8-ab58-1e6f04ec1196,660201,Quick Add Form,Facebook,No,No,0,13,1658,13.0,Unreachable,,E-COMMERCE,Online Search,,Affordable Fees,No,No,No,No,No,No,No,No,Busy,Might be,No,No,Lateral Student,Other Cities,03.Low,,10,15,No,Yes,Unreachable,0.9970521,1
d5a50ca0-286e-45d0-aa52-c0d13671ac5e,660200,Quick Add Form,Facebook,No,No,0,10,264,10.0,SMS Sent,United Kingdom,Select,Select,Businessman,Affordable Fees,No,No,No,No,No,No,No,No,Lost to EINS,,No,No,Potential Lead,Thane & Outskirts,02.Medium,02.Medium,12,15,No,No,Olark Chat Conversation,0.99084103,1
e831bf84-f825-4dcc-85eb-02f1f28ff7b8,660199,Lead Add Form,Welingak Website,No,No,0,14,1685,14.0,Email Bounced,,Supply Chain Management,Select,,Better Career Prospects,No,No,No,No,No,No,No,No,in touch with EINS,High in Relevance,Yes,No,Other Leads,Other Cities of Maharashtra,03.Low,02.Medium,13,14,No,No,Olark Chat Conversation,0.9675321,1
fdeafe31-8ad2-4785-bb52-a6e814d5a8b0,660198,Quick Add Form,YouTube,No,No,0,13,411,13.0,Unreachable,India,Operations Management,Reference,Unemployed,Quality Education,No,No,No,No,No,No,No,No,opp hangup,High in Relevance,No,No,Dual Specialization Student,Thane & Outskirts,02.Medium,01.High,13,16,No,No,Unreachable,0.14439933,0
378c003c-e268-4c0e-b34f-ec8e20d62365,660197,Quick Add Form,Reference,No,No,1,1,1691,1.0,Converted to Lead,,Marketing Management,Select,,Better Career Prospects,No,No,No,No,No,No,No,No,opp hangup,Might be,No,No,Lateral Student,,02.Medium,02.Medium,16,16,No,Yes,Olark Chat Conversation,0.71913505,1
b7a33d1d-829a-411b-9848-6fbfe111f9e7,660196,API,Google,No,Yes,0,2,1389,2.0,Email Opened,Kuwait,IT Projects Management,Reference,Student,Affordable Fees,No,No,No,No,No,No,No,No,switched off,High in Relevance,No,No,,Thane & Outskirts,01.High,01.High,15,17,No,No,Email Opened,0.016604526,0
d9ca9305-64f4-4e4d-9b80-36e1a4df9761,660195,API,Google,Yes,No,0,3,1171,3.0,Modified,India,Marketing Management,Multiple Sources,Other,Affordable Fees,No,No,No,No,No,No,No,No,Busy,Worst,No,No,Lateral Student,Other Metro Cities,03.Low,01.High,10,15,No,No,Modified,0.4408322,0
4afebf50-0109-447b-8033-ced83776e69d,660194,Lead Import,Olark Chat,No,No,0,17,1513,17.0,Had a Phone Conversation,Bahrain,Hospitality Management,Word Of Mouth,Student,Affordable Fees,No,No,No,No,No,No,No,No,Graduation in progress,Low in Relevance,No,No,Other Leads,Other Cities,03.Low,01.High,9,17,Yes,Yes,Email Opened,0.29590186,0
13054764-932f-4626-b098-7462ff9562db,660193,Lead Add Form,YouTube,No,No,0,15,1688,15.0,Had a Phone Conversation,Singapore,Supply Chain Management,Select,Unemployed,Affordable Fees,No,No,No,No,No,No,No,No,Diploma holder (Not Eligible),,No,No,Lateral Student,,03.Low,01.High,11,15,No,No,Modified,0.45544943,0
e88217c5-67dd-4b5b-a2ca-d07db6bfca33,660192,API,YouTube,No,No,1,3,867,3.0,Modified,United Kingdom,Services Excellence,Other,Businessman,Affordable Fees,No,No,No,No,No,No,No,No,Interested in other courses,Low in Relevance,No,No,Select,Other Cities,02.Medium,02.Medium,12,13,No,No,Modified,0.030919267,0
5a67018c-3ecb-4d0b-a7ae-46d402194247,660191,Lead Import,Facebook,No,No,0,8,1777,7.77,Unsubscribed,India,Retail Management,Select,Businessman,Flexibility & Convenience,No,No,No,No,No,No,No,No,Ringing,Might be,No,No,Other Leads,Mumbai,01.High,01.High,17,18,No,Yes,Unsubscribed,0.15699838,0
dd5ac67e-8bba-4c53-a6d1-b45d3da0e2c1,660190,Lead Import,Facebook,No,No,1,3,1861,3.0,Unreachable,Saudi Arabia,Services Excellence,Student of SomeSchool,Businessman,Flexibility & Convenience,No,No,No,No,No,No,No,No,,Low in Relevance,No,No,Potential Lead,Other Metro Cities,03.Low,02.Medium,12,12,No,No,Unreachable,0.80381465,1
090c1864-3290-4cac-9549-125216b97157,660189,Lead Import,Welingak Website,No,No,0,17,747,17.0,Email Link Clicked,,"Banking, Investment And Insurance",Select,Businessman,,No,No,No,No,No,No,No,No,,Worst,No,No,Dual Specialization Student,Other Metro Cities,02.Medium,02.Medium,14,16,No,Yes,Email Link Clicked,0.92832804,1
ed4cbc2f-e0d7-47fd-aea1-001743bb8a4c,660188,Lead Import,Welingak Website,No,No,0,1,908,1.0,Unsubscribed,United States,International Business,Online Search,,Flexibility & Convenience,No,No,No,No,No,No,No,No,Ringing,Not Sure,No,No,Dual Specialization Student,,,02.Medium,17,12,No,Yes,Unsubscribed,0.82152444,1
2275fbbb-1e62-4dce-8cc5-8457943aee49,660187,API,Referral Sites,No,Yes,0,1,1053,1.0,Olark Chat Conversation,Saudi Arabia,Business Administration,Email,Other,Flexibility & Convenience,No,No,No,No,No,No,No,No,Graduation in progress,Worst,No,No,Potential Lead,Other Cities,02.Medium,02.Medium,12,16,No,No,Modified,0.04823675,0
a4fedefb-8561-48b2-a537-6772b680b3fc,660186,Lead Import,Google,No,No,0,17,1275,17.0,Unsubscribed,Bahrain,Select,Email,Working Professional,,No,No,No,No,No,No,No,No,Interested in other courses,,No,No,,Other Cities,02.Medium,02.Medium,16,16,No,No,Unsubscribed,0.22512767,0
5385c3b6-f45d-4b36-a1d0-920bfa472e08,660185,API,Olark Chat,No,No,0,12,157,12.0,Converted to Lead,Bahrain,Finance Management,Online Search,,,No,No,No,No,No,No,No,No,Will revert after reading the email,,No,No,Potential Lead,Other Metro Cities,02.Medium,01.High,16,16,No,No,Email Opened,0.73033357,1
5af0091e-f597-4967-af01-b42220f38193,660184,Quick Add Form,Olark Chat,No,No,1,8,857,8.0,Email Bounced,United Kingdom,Select,Other,Student,Affordable Fees,No,No,No,No,No,No,No,No,Lost to EINS,Not Sure,No,No,Select,Other Cities of Maharashtra,01.High,02.Medium,17,12,No,No,Unreachable,0.9940175,1
3ea936ef-97ce-4e75-955a-aeea44c72917,660183,Lead Import,Facebook,No,No,1,13,1436,13.0,Modified,United States,Services Excellence,Student of SomeSchool,Businessman,Better Career Prospects,No,No,No,No,No,No,No,No,Lost to EINS,Not Sure,No,No,Lateral Student,Thane & Outskirts,01.High,02.Medium,16,13,No,No,Modified,0.99748516,1
24c951bd-80cf-44cf-95d7-aec849f2b4f5,660182,Landing Page Submission,YouTube,No,No,0,9,1350,9.0,Had a Phone Conversation,,E-COMMERCE,Word Of Mouth,,,No,No,No,No,No,No,No,No,switched off,High in Relevance,No,No,Dual Specialization Student,,02.Medium,01.High,13,15,No,No,Email Opened,0.08925656,0
e1c14f40-4d3a-4e03-bd19-f6413e85e434,660181,Lead Add Form,Olark Chat,Yes,No,0,8,259,8.0,Olark Chat Conversation,Qatar,Select,Select,Student,Better Career Prospects,No,No,No,No,No,No,No,No,in touch with EINS,High in Relevance,No,No,Select,Other Cities,02.Medium,02.Medium,13,12,No,Yes,Unreachable,0.004346988,0
28c9204e-845a-4c54-be35-c4a231f63a3e,660180,Lead Import,Google,No,No,1,11,408,11.0,Email Opened,United Kingdom,Business Administration,Word Of Mouth,Working Professional,Affordable Fees,No,No,No,No,No,No,No,No,Lost to EINS,Might be,No,No,Dual Specialization Student,Other Cities of Maharashtra,,02.Medium,17,14,No,No,Email Opened,0.9991906,1
399c2a34-22f0-41c7-93bb-5a525b23b00b,660179,Landing Page Submission,Facebook,No,No,0,0,0,0.0,Olark Chat Conversation,UAE,Healthcare Management,Reference,,Quality Education,No,No,No,No,No,No,No,No,Lost to EINS,Not Sure,No,No,Potential Lead,Mumbai,02.Medium,02.Medium,16,15,No,No,Email Opened,0.98258615,1
ff6e9679-86c8-42db-914d-f68b32ac2c2e,660178,Landing Page Submission,Reference,No,No,0,14,241,7.41,Email Bounced,Bahrain,IT Projects Management,Word Of Mouth,Businessman,Flexibility & Convenience,No,No,No,No,No,No,No,No,Graduation in progress,Not Sure,No,No,Lateral Student,Other Cities of Maharashtra,02.Medium,02.Medium,12,15,No,No,Email Opened,0.24360879,0
002ad2b2-9164-4288-b9fd-24cb7fd3b0e6,660177,Lead Add Form,Reference,No,No,0,5,1559,5.0,Form Submitted on Website,,Operations Management,Select,Unemployed,,No,No,No,No,No,No,No,No,number not provided,Not Sure,No,No,Other Leads,Other Metro Cities,01.High,03.Low,15,12,No,No,Olark Chat Conversation,0.036995463,0
8e2de875-3986-473b-8b70-7c755c485c53,660176,Lead Add Form,Reference,No,No,1,7,1599,7.0,Modified,UAE,Marketing Management,Reference,Unemployed,Quality Education,No,No,No,No,No,No,No,No,Graduation in progress,High in Relevance,No,No,,,02.Medium,02.Medium,13,13,No,No,Modified,0.5359578,1
3b3bb170-05a2-4228-8989-82baaac9bb69,660175,API,Facebook,No,No,0,13,11,13.0,Unsubscribed,United States,E-COMMERCE,Online Search,,Flexibility & Convenience,No,No,No,No,No,No,No,No,in touch with EINS,Might be,No,No,Other Leads,Other Metro Cities,02.Medium,02.Medium,12,16,No,No,Unsubscribed,0.052950345,0
4d299891-61fd-488b-a4e0-cb6771e2a125,660174,API,Referral Sites,Yes,No,0,12,1397,6.66,Unreachable,Singapore,E-COMMERCE,Student of SomeSchool,,,No,No,No,No,No,No,No,No,Graduation in progress,Worst,No,No,Other Leads,Other Cities,02.Medium,02.Medium,16,12,No,No,Unreachable,0.51620406,1
44908ce3-afe7-4b16-994d-69f41f9ac830,660173,Lead Import,Email,No,No,0,1,767,1.0,Had a Phone Conversation,India,Marketing Management,Multiple Sources,,Better Career Prospects,No,No,No,No,No,No,No,No,Already a student,High in Relevance,No,No,,Other Cities,02.Medium,01.High,16,17,No,No,Email Opened,0.029923012,0
2c6949b0-a176-45e4-adb2-0892f86c9ca1,660172,API,Referral Sites,No,No,0,17,1280,17.0,Unsubscribed,,Services Excellence,Select,Unemployed,Better Career Prospects,No,No,No,No,No,No,No,No,Closed by Horizzon,Low in Relevance,No,No,Dual Specialization Student,,02.Medium,01.High,16,18,No,Yes,Unsubscribed,0.9990765,1
6fcd2240-9569-41b7-9712-5a044e188dbb,660171,API,Reference,No,No,1,13,1324,1.93,Form Submitted on Website,India,Rural and Agribusiness,Email,Businessman,Quality Education,No,No,No,No,No,No,No,No,,Low in Relevance,No,No,,,01.High,02.Medium,17,15,No,No,Email Opened,0.9743997,1
3c4cd489-af1d-4546-ba0b-76541ead305d,660170,Lead Import,Olark Chat,No,No,1,3,1432,3.0,Email Opened,United Kingdom,Finance Management,Word Of Mouth,Unemployed,,No,No,No,No,No,No,No,No,opp hangup,High in Relevance,No,No,Other Leads,Other Cities of Maharashtra,02.Medium,02.Medium,14,15,No,Yes,Email Opened,0.8328003,1
228a8e70-490b-45eb-9c2b-ab42de5a027e,660169,Landing Page Submission,Reference,No,No,0,0,0,0.0,Had a Phone Conversation,,Select,Reference,,Better Career Prospects,No,No,No,No,No,No,No,No,Graduation in progress,,No,No,Potential Lead,,01.High,02.Medium,16,13,No,No,Page Visited on Website,0.101455286,0
d74eba74-5463-405a-8179-ef6eca839495,660168,Quick Add Form,Referral Sites,No,No,1,9,174,9.0,Email Opened,United States,IT Projects Management,Select,Other,Quality Education,No,No,No,No,No,No,No,No,number not provided,Low in Relevance,No,No,Select,Thane & Outskirts,01.High,03.Low,15,10,No,Yes,Email Opened,0.00394811,0
e0f8d153-adb4-4ffb-963e-c956522649a5,660167,Landing Page Submission,Email,Yes,No,0,12,772,12.0,View in browser link Clicked,,Select,Multiple Sources,Working Professional,,No,No,No,No,No,No,No,No,Graduation in progress,High in Relevance,No,No,Select,Other Metro Cities,02.Medium,02.Medium,16,16,No,No,Modified,0.080867276,0
858d1234-ea99-4cc8-be8f-81e40afcf88e,660166,Lead Import,Google,No,No,0,17,1121,1.64,Form Submitted on Website,,IT Projects Management,Online Search,Unemployed,Affordable Fees,No,No,No,No,No,No,No,No,Interested in other courses,,No,No,Lateral Student,Select,02.Medium,01.High,14,16,No,No,Page Visited on Website,0.706278,1
44f0a61f-0330-49f3-ae08-cc75f6fe4db2,660165,Quick Add Form,YouTube,No,No,1,15,437,15.0,View in browser link Clicked,Saudi Arabia,Marketing Management,Select,Businessman,Quality Education,No,No,No,No,No,No,No,No,Graduation in progress,High in Relevance,No,No,Lateral Student,Other Cities,02.Medium,01.High,12,17,No,No,Email Opened,0.123225495,0
14aa8d9f-31ba-4538-a0d4-4d1fb397afc8,660164,Quick Add Form,Reference,No,Yes,1,8,1096,8.0,Modified,UAE,Operations Management,Email,,Affordable Fees,No,No,No,No,No,No,No,No,Will revert after reading the email,Might be,No,No,Potential Lead,Other Cities of Maharashtra,02.Medium,02.Medium,13,15,No,No,Modified,0.9970374,1
aec3e3d1-1524-430b-8f6d-592b9dea2a36,660163,Landing Page Submission,Welingak Website,No,No,0,8,177,8.0,Email Opened,UAE,Healthcare Management,Word Of Mouth,Unemployed,Affordable Fees,No,No,No,No,No,No,No,No,Already a student,Low in Relevance,No,No,,Other Cities of Maharashtra,01.High,02.Medium,17,13,No,No,Email Opened,0.037226275,0
0602aec1-6277-463d-a104-c60c182e0d17,660162,Lead Add Form,Olark Chat,No,No,1,8,957,3.5,Email Link Clicked,UAE,Select,Online Search,Working Professional,Better Career Prospects,No,No,No,No,No,No,No,No,Graduation in progress,Low in Relevance,No,No,,Other Cities of Maharashtra,01.High,02.Medium,16,13,No,No,Email Link Clicked,0.44616315,0
1dba6792-d2bc-4c5f-b50a-f0e35a81e830,660161,API,Facebook,No,No,0,11,1055,11.0,Had a Phone Conversation,Saudi Arabia,Healthcare Management,Online Search,,Affordable Fees,No,No,No,No,No,No,No,No,,Not Sure,No,No,Select,Other Cities,02.Medium,02.Medium,16,12,No,No,Page Visited on Website,0.13744278,0
f8e1831b-0230-4e18-b00f-2aaec89f649a,660160,Lead Add Form,Organic Search,No,Yes,1,17,417,17.0,View in browser link Clicked,Kuwait,Services Excellence,Word Of Mouth,Unemployed,Better Career Prospects,No,No,No,No,No,No,No,No,Busy,High in Relevance,No,No,,Other Metro Cities,,01.High,13,18,No,No,Unreachable,0.30090806,0
3aa0f378-49ce-4b07-af31-062ff2f41b59,660159,Quick Add Form,Organic Search,No,No,0,9,931,9.0,Email Bounced,Kuwait,Human Resource Management,Select,Businessman,,No,No,No,No,No,No,No,No,Lost to EINS,Might be,No,No,Potential Lead,Thane & Outskirts,02.Medium,01.High,12,18,No,No,Unreachable,0.99600923,1
53a6a2f3-d342-4322-9c3c-c323a4a41e71,660158,Lead Import,Reference,No,No,1,14,198,6.49,Unreachable,,International Business,Email,Student,Quality Education,No,No,No,No,No,No,No,No,Diploma holder (Not Eligible),Low in Relevance,No,No,Lateral Student,,01.High,02.Medium,18,15,No,No,Unreachable,0.005588584,0
3c603c59-ced8-413d-a3be-5ad3f15390ce,660157,API,Direct Traffic,No,No,1,0,0,0.0,Modified,United Kingdom,Business Administration,Multiple Sources,,,No,No,No,No,No,No,No,No,opp hangup,,No,No,Other Leads,Other Metro Cities,02.Medium,02.Medium,14,15,No,No,Modified,0.009480329,0
79a7f049-437c-4a24-b260-a1e0eb855ebb,660156,Lead Import,Olark Chat,No,No,0,2,497,2.0,Form Submitted on Website,,Supply Chain Management,Select,Working Professional,Quality Education,No,No,No,No,No,No,No,No,,High in Relevance,No,No,Select,Thane & Outskirts,02.Medium,01.High,14,17,No,No,Olark Chat Conversation,0.17714608,0
7950bffe-0390-42b5-bd6b-2a441c994050,660155,Landing Page Submission,Reference,No,No,0,6,197,6.0,Email Link Clicked,Singapore,Rural and Agribusiness,Student of SomeSchool,Unemployed,,No,No,No,No,No,No,No,No,Closed by Horizzon,High in Relevance,No,No,,Other Cities,01.High,02.Medium,15,15,No,No,Email Link Clicked,0.7542746,1
47b0f162-9c5f-4404-abd9-b21e09bb3487,660154,API,Direct Traffic,No,No,0,6,1656,6.0,Had a Phone Conversation,India,Human Resource Management,Other,Unemployed,Flexibility & Convenience,No,No,No,No,No,No,No,No,Graduation in progress,Not Sure,No,Yes,Dual Specialization Student,Other Cities,02.Medium,01.High,16,16,No,No,Unreachable,0.84153104,1
f746e054-b27d-4952-9092-d2959dee1075,660153,Quick Add Form,Reference,No,No,0,13,1023,13.0,Email Link Clicked,,"Banking, Investment And Insurance",Other,Working Professional,Quality Education,No,No,No,No,No,No,No,No,Lost to EINS,,No,No,,Thane & Outskirts,02.Medium,,15,14,No,No,Email Link Clicked,0.99312496,1
2820fe2f-c515-4740-97ba-61e952542e05,660152,Lead Import,YouTube,No,No,1,15,635,15.0,Modified,Singapore,IT Projects Management,Email,Student,Better Career Prospects,No,No,No,No,No,No,No,No,Already a student,,No,No,,Other Cities of Maharashtra,02.Medium,01.High,14,16,No,No,Modified,0.0016376629,0
725fb62a-df61-4abb-b9cc-f7651f87b626,660151,Lead Import,Organic Search,No,No,1,0,0,0.0,Email Bounced,,Finance Management,Other,,,No,No,No,No,No,No,No,No,,,No,No,Potential Lead,,02.Medium,01.High,15,17,No,No,Olark Chat Conversation,0.111757055,0
b033b767-3fd4-4a8d-abf0-c09b48adb0e0,660150,API,YouTube,No,No,1,9,1585,9.0,Had a Phone Conversation,United States,Select,Select,Other,Better Career Prospects,No,No,No,No,No,No,No,No,,,No,No,Lateral Student,Other Cities,03.Low,01.High,10,16,No,No,Unreachable,0.9819365,1
bb274786-d65b-472e-8c77-bac5598f9f88,660149,Quick Add Form,Organic Search,No,No,1,16,822,16.0,Email Link Clicked,,Select,Word Of Mouth,Businessman,Quality Education,No,No,No,No,No,No,No,No,in touch with EINS,Worst,No,No,Other Leads,,02.Medium,02.Medium,15,13,No,No,Email Link Clicked,0.46409336,0
12a9f4dd-3799-45a9-8f07-a500d324762d,660148,API,Google,No,No,1,10,1096,10.0,View in browser link Clicked,Singapore,E-COMMERCE,Reference,Other,Affordable Fees,No,No,No,No,No,No,No,No,opp hangup,High in Relevance,No,No,Lateral Student,,02.Medium,01.High,16,16,No,No,Page Visited on Website,0.6391665,1
b693c955-d09b-43aa-8317-214fed4b82c3,660147,Lead Import,Email,No,No,1,1,900,1.0,Email Opened,United States,Select,Select,,Better Career Prospects,No,No,No,No,No,No,No,No,Busy,High in Relevance,No,No,Other Leads,,02.Medium,01.High,15,17,No,No,Email Opened,0.58272684,1
ff3a7a58-3edb-432a-9357-a0715da6f405,660146,Quick Add Form,Welingak Website,No,No,0,17,248,17.0,View in browser link Clicked,Bahrain,Supply Chain Management,Online Search,,Flexibility & Convenience,No,No,No,No,No,No,No,No,Busy,Low in Relevance,No,No,Lateral Student,,03.Low,01.High,12,16,No,No,Olark Chat Conversation,0.68757766,1
e9fef646-7ff1-47de-abd3-17ac9f56de6b,660145,Lead Add Form,Facebook,No,No,0,8,1202,6.57,View in browser link Clicked,Qatar,IT Projects Management,Email,Other,Affordable Fees,No,No,No,No,No,No,No,No,switched off,,No,No,Other Leads,,02.Medium,01.High,16,18,No,Yes,Page Visited on Website,0.014039098,0
c009ee42-5b56-4be4-8911-6addefd64967,660144,API,Direct Traffic,Yes,No,1,8,846,8.0,Unreachable,UAE,Supply Chain Management,Multiple Sources,Businessman,,No,No,No,No,No,No,No,No,switched off,Low in Relevance,No,No,Select,Other Cities,03.Low,02.Medium,12,16,No,No,Unreachable,0.005555109,0
59898b2f-4632-43e7-94bf-f60daf36ddf6,660143,API,Olark Chat,No,No,0,5,460,5.0,Converted to Lead,Qatar,International Business,Other,Other,Flexibility & Convenience,No,No,No,No,No,No,No,No,,Not Sure,No,No,Other Leads,Other Metro Cities,01.High,03.Low,17,9,No,No,Modified,0.040464144,0
47ce196f-b88a-4729-a75a-f08cd808467e,660142,Landing Page Submission,Direct Traffic,No,No,0,5,653,5.0,Email Opened,Qatar,E-COMMERCE,Other,Unemployed,Better Career Prospects,No,No,No,No,No,No,No,No,Interested in other courses,,No,No,Potential Lead,Thane & Outskirts,01.High,01.High,15,15,No,No,Email Opened,0.054731797,0
48752c18-4bbd-452c-bf02-72cdd7825ec4,660141,Lead Import,Reference,No,No,0,4,1670,4.0,Unreachable,India,Rural and Agribusiness,Select,Other,Flexibility & Convenience,No,No,No,No,No,No,No,No,Already a student,,No,No,Select,,01.High,01.High,16,16,No,No,Unreachable,0.05118437,0
eea7ca48-363c-4aae-aa35-64e1dd7e1a3e,660140,Landing Page Submission,Reference,No,No,0,3,949,3.0,SMS Sent,Saudi Arabia,Select,Other,Working Professional,Better Career Prospects,No,No,No,No,No,No,No,No,Graduation in progress,,No,No,Select,,01.High,02.Medium,17,15,No,Yes,Modified,0.08747041,0
4dab4b2d-2e63-4186-bd1f-48cb7109c910,660139,API,Welingak Website,No,No,1,0,0,0.0,Converted to Lead,,Select,Other,Unemployed,Quality Education,No,No,No,No,No,No,No,No,Busy,,No,No,Select,Mumbai,02.Medium,01.High,12,16,No,No,Modified,0.48895252,0
66cb20cf-c181-4f83-a833-93d1edc3108c,660138,Landing Page Submission,Direct Traffic,No,No,1,17,202,17.0,Unsubscribed,Qatar,Operations Management,Multiple Sources,,Quality Education,No,No,No,No,No,No,No,No,Graduation in progress,High in Relevance,No,No,Select,,01.High,01.High,16,18,No,No,Unsubscribed,0.035245746,0
4f968d1b-7d44-494c-bd48-7422489ee8f8,660137,Lead Add Form,Email,No,No,0,4,572,4.0,Email Link Clicked,Singapore,Media and Advertising,Online Search,Other,Flexibility & Convenience,No,No,No,No,No,No,No,No,Diploma holder (Not Eligible),Not Sure,No,No,Select,Other Cities of Maharashtra,01.High,01.High,18,15,No,Yes,Email Link Clicked,0.0014797257,0
bbc75d73-f587-4f3f-b8d1-b32a8c7d46a7,660136,Landing Page Submission,Organic Search,No,No,0,11,1730,11.0,Olark Chat Conversation,Singapore,Supply Chain Management,Word Of Mouth,Businessman,Quality Education,No,No,No,No,No,No,No,No,Diploma holder (Not Eligible),Not Sure,No,No,Select,Other Metro Cities,02.Medium,02.Medium,15,13,No,No,Page Visited on Website,0.62947196,1
6ce39969-33a6-4a30-ace9-496c5ec30ea2,660135,Lead Add Form,Welingak Website,No,No,0,15,1300,15.0,SMS Sent,UAE,Retail Management,Word Of Mouth,Student,Flexibility & Convenience,No,No,No,No,No,No,No,No,Will revert after reading the email,,No,No,Select,Mumbai,01.High,02.Medium,18,13,No,No,Modified,0.9973326,1
ac99ec14-9283-43ed-bfa8-0f7e47271673,660134,Quick Add Form,Facebook,No,No,0,12,1508,6.39,Page Visited on Website,Bahrain,Business Administration,Reference,Businessman,Flexibility & Convenience,No,No,No,No,No,No,No,No,switched off,Low in Relevance,No,No,Lateral Student,Other Cities of Maharashtra,02.Medium,02.Medium,16,13,No,Yes,Page Visited on Website,0.16640633,0
9eb5db0c-6130-4069-b4b0-4caaed90ffa2,660133,Quick Add Form,Welingak Website,No,No,0,7,1533,7.0,Olark Chat Conversation,India,Healthcare Management,Word Of Mouth,Working Professional,Flexibility & Convenience,No,No,No,No,No,No,No,No,Lost to EINS,Worst,No,No,Other Leads,Other Cities of Maharashtra,01.High,01.High,17,17,No,No,Modified,0.9999759,1
2e5d41d5-9261-4659-a8e8-8fdba414fbd9,660132,Landing Page Submission,Direct Traffic,No,Yes,1,0,0,0.0,Converted to Lead,Saudi Arabia,Healthcare Management,Reference,Unemployed,Quality Education,No,No,No,No,No,No,No,No,Lost to EINS,,No,No,,Other Cities of Maharashtra,02.Medium,02.Medium,12,15,No,No,Unreachable,0.8980134,1
f1829c71-c1a7-412b-abc4-6615253dc0d9,660131,Lead Import,YouTube,No,No,1,11,488,8.03,Unsubscribed,Qatar,Media and Advertising,Student of SomeSchool,Unemployed,Quality Education,No,No,No,No,No,No,No,No,Will revert after reading the email,High in Relevance,No,No,Lateral Student,Mumbai,02.Medium,03.Low,15,11,No,No,Unsubscribed,0.99908507,1
86cbe32e-06e6-4b01-926d-383e5680f401,660130,Quick Add Form,Welingak Website,No,No,0,2,1590,2.32,Olark Chat Conversation,Saudi Arabia,International Business,Multiple Sources,Unemployed,Affordable Fees,No,No,No,No,No,No,No,No,Diploma holder (Not Eligible),Low in Relevance,No,No,Select,Other Cities,02.Medium,02.Medium,14,13,No,No,Unreachable,0.2253189,0
58301df7-09b2-40fe-983a-c200a060db16,660129,Lead Import,Reference,No,No,0,7,340,5.51,Unreachable,United Kingdom,Select,Multiple Sources,Working Professional,Flexibility & Convenience,No,No,No,No,No,No,No,No,in touch with EINS,Worst,No,No,Select,Mumbai,02.Medium,01.High,13,17,No,No,Unreachable,0.012578148,0
c8ce36dd-1d13-4385-a4ea-95acf04cfcf8,660128,Landing Page Submission,Reference,No,No,1,5,1448,5.0,Had a Phone Conversation,United Kingdom,Select,Select,Unemployed,Affordable Fees,No,No,No,No,No,No,No,No,Will revert after reading the email,,No,No,Other Leads,Mumbai,02.Medium,,13,15,No,No,Modified,0.9938309,1
774b4e4f-c7b9-4ceb-b709-f5240fd781de,660127,API,Reference,No,No,0,12,817,12.0,Unsubscribed,Singapore,Healthcare Management,Word Of Mouth,Other,,No,No,No,No,No,No,No,No,switched off,,No,No,Other Leads,Other Cities of Maharashtra,02.Medium,03.Low,14,12,No,No,Unsubscribed,0.018464636,0
3ab381ed-ba5a-461a-af77-a4a0dcc9c177,660126,Lead Add Form,Email,No,No,0,7,498,7.0,Modified,Bahrain,E-COMMERCE,Select,,Better Career Prospects,No,No,No,No,No,No,No,No,opp hangup,Worst,No,No,Select,Other Cities,01.High,02.Medium,17,13,No,No,Modified,0.17272177,0
013e03ee-3bfa-407f-9c3c-c9e748fa51bc,660125,Lead Import,Welingak Website,Yes,No,0,8,34,8.0,Unreachable,India,Rural and Agribusiness,Word Of Mouth,Working Professional,,No,No,No,No,No,No,No,No,,High in Relevance,No,No,,Thane & Outskirts,02.Medium,01.High,16,17,No,No,Unreachable,0.4934322,0
9e8a7fe1-f609-4945-9a0b-cf3ae175c0e9,660124,Lead Add Form,Google,No,No,1,0,0,0.0,Modified,Oman,Operations Management,Word Of Mouth,Other,Quality Education,No,No,No,No,No,No,No,No,Lost to EINS,Worst,No,No,Select,Mumbai,02.Medium,01.High,12,15,No,No,Modified,0.9965102,1
9f65a588-478c-4db4-b732-168ddb03ec63,660123,API,Facebook,Yes,No,0,14,1089,1.8,Olark Chat Conversation,Singapore,Supply Chain Management,Select,Unemployed,Quality Education,No,No,No,No,No,No,No,No,Graduation in progress,Might be,No,No,,Other Cities,02.Medium,03.Low,13,10,No,No,Olark Chat Conversation,0.019527398,0
d2c185f1-f927-4954-8955-9eda8a65a44d,660122,Lead Add Form,Email,No,No,0,2,1373,2.0,Converted to Lead,Singapore,International Business,Select,Working Professional,Quality Education,No,No,No,No,No,No,No,No,in touch with EINS,High in Relevance,No,No,Dual Specialization Student,Mumbai,01.High,02.Medium,18,16,No,No,Olark Chat Conversation,0.30771527,0
4215e6f1-1bc0-4da2-bfe4-cd6684a0c24a,660121,Lead Import,Welingak Website,No,No,0,9,1509,9.0,Modified,United States,Operations Management,Online Search,Working Professional,Better Career Prospects,No,No,No,No,No,No,No,No,switched off,Not Sure,No,No,Other Leads,Other Metro Cities,01.High,01.High,15,17,No,No,Modified,0.6671198,1
f094ea2c-464c-40bb-ab97-0dc7ca3b3268,660120,Lead Import,YouTube,No,No,0,10,1631,10.0,SMS Sent,Oman,Healthcare Management,Select,,,No,No,No,No,No,No,No,No,Will revert after reading the email,,No,No,,Select,02.Medium,01.High,15,16,No,No,Modified,0.9740956,1
b3e7fb4b-9d40-4bf1-bc4e-4a6b00bda186,660119,Quick Add Form,Facebook,No,No,1,14,1595,14.0,Email Link Clicked,Oman,IT Projects Management,Reference,,Quality Education,No,No,No,No,No,No,No,No,Diploma holder (Not Eligible),Might be,No,No,Select,Select,02.Medium,02.Medium,13,16,No,No,Email Link Clicked,0.11101265,0
ef0d0d3d-f93e-4eac-9791-de9aaaefe0b8,660118,Quick Add Form,Reference,No,No,0,16,1768,16.0,Unsubscribed,Qatar,Supply Chain Management,Online Search,Other,Flexibility & Convenience,No,No,No,No,No,No,No,No,switched off,High in Relevance,No,No,,Other Metro Cities,01.High,03.Low,17,10,No,No,Unsubscribed,0.48701707,0
a447a779-ac92-423d-91a3-f02cbdec3a4e,660117,Quick Add Form,Welingak Website,No,No,0,17,329,17.0,Modified,United States,International Business,Word Of Mouth,,Quality Education,No,No,No,No,No,No,No,No,Already a student,High in Relevance,No,No,Potential Lead,Other Cities of Maharashtra,02.Medium,02.Medium,15,16,No,No,Modified,0.52303773,1
93f863f0-996a-4290-9d3b-6f6d739be71d,660116,Landing Page Submission,Organic Search,No,No,0,5,1739,5.0,Olark Chat Conversation,India,"Banking, Investment And Insurance",Reference,Unemployed,Flexibility & Convenience,No,No,No,No,No,No,No,No,number not provided,Not Sure,No,No,Select,Select,03.Low,02.Medium,10,16,No,No,Modified,0.10572047,0
10d07c0b-ce93-4860-bcad-9b7a72dfb9a7,660115,Quick Add Form,Facebook,No,No,1,16,810,16.0,Form Submitted on Website,UAE,Rural and Agribusiness,Other,,Better Career Prospects,No,No,No,No,No,No,No,No,number not provided,High in Relevance,No,No,Other Leads,Thane & Outskirts,03.Low,01.High,12,16,No,No,Modified,0.008437317,0
06f3770f-3a95-4bb2-98d2-c705db3dfd0d,660114,Lead Add Form,Organic Search,No,No,1,8,1618,8.0,Olark Chat Conversation,Bahrain,Healthcare Management,Word Of Mouth,Student,Better Career Prospects,No,No,No,No,No,No,No,No,Graduation in progress,Low in Relevance,No,No,Potential Lead,Other Cities,02.Medium,03.Low,14,9,No,No,Modified,0.6552652,1
bd6c559d-def0-49a9-bbd4-3e0f56a2aed5,660113,Quick Add Form,Facebook,No,Yes,0,16,397,1.89,View in browser link Clicked,,Services Excellence,Select,Businessman,Better Career Prospects,No,No,No,No,No,No,No,No,Busy,High in Relevance,No,No,Dual Specialization Student,Other Metro Cities,02.Medium,02.Medium,14,16,No,No,Unreachable,0.9758041,1
deba331a-4371-48db-8dcb-d825bdf49ae2,660112,Landing Page Submission,Google,No,No,0,14,1375,14.0,Unsubscribed,United States,E-COMMERCE,Multiple Sources,,,No,No,No,No,No,No,No,No,switched off,,No,No,Dual Specialization Student,,01.High,02.Medium,15,12,No,No,Unsubscribed,0.35173205,0
ddd78fa2-4646-4a98-b41f-f54cc03e5172,660111,Lead Import,Google,No,No,0,4,993,4.0,Unsubscribed,Saudi Arabia,Business Administration,Reference,Other,Flexibility & Convenience,No,No,No,No,No,No,No,No,Diploma holder (Not Eligible),Might be,No,No,,Other Cities of Maharashtra,,02.Medium,15,12,No,No,Unsubscribed,0.025472136,0
577c277f-0f6c-4ddb-8fe2-e40adec00bc1,660110,API,Welingak Website,Yes,No,0,10,1733,8.21,Unreachable,Saudi Arabia,Select,Online Search,,Better Career Prospects,No,No,No,No,No,No,No,No,,Might be,No,No,Dual Specialization Student,Mumbai,01.High,02.Medium,17,14,No,No,Unreachable,0.98627025,1
5f590da9-405d-47f8-a749-3fef367698af,660109,Lead Add Form,Google,Yes,No,1,5,1738,5.0,Email Opened,India,Services Excellence,Select,Other,Flexibility & Convenience,No,No,No,No,No,No,No,No,,Low in Relevance,No,No,Dual Specialization Student,Other Cities,02.Medium,02.Medium,12,15,No,No,Email Opened,0.4811437,0
66334ee5-b6c9-44c9-be39-6e32170fb6bc,660108,Landing Page Submission,Google,Yes,No,1,4,1596,4.0,Olark Chat Conversation,Kuwait,"Banking, Investment And Insurance",Multiple Sources,,Affordable Fees,No,No,No,No,No,No,No,No,Will revert after reading the email,High in Relevance,No,No,Potential Lead,Other Cities,03.Low,02.Medium,13,13,No,No,Olark Chat Conversation,0.8538968,1
84f83257-04b1-42a2-a9c4-f714a811434e,660107,API,Direct Traffic,No,No,0,13,444,13.0,SMS Sent,,Finance Management,Select,Working Professional,Flexibility & Convenience,No,No,No,No,No,No,No,No,Busy,Low in Relevance,No,No,Select,Other Metro Cities,03.Low,01.High,9,15,No,Yes,Modified,0.82085603,1
3a6cd951-5856-487d-a02e-b264176f5b83,660106,Lead Import,Direct Traffic,No,No,1,8,155,8.0,SMS Sent,UAE,Select,Select,Working Professional,Flexibility & Convenience,No,No,No,No,No,No,No,No,Interested in other courses,High in Relevance,No,No,Lateral Student,Other Metro Cities,02.Medium,03.Low,16,9,No,No,Page Visited on Website,0.015162438,0
5fed70b1-0f7d-445b-af85-d7be0272bb24,660105,Quick Add Form,Facebook,No,No,0,8,1679,8.0,Had a Phone Conversation,Singapore,Finance Management,Other,,Affordable Fees,No,No,No,No,No,No,No,No,Diploma holder (Not Eligible),,No,No,Lateral Student,Other Cities of Maharashtra,01.High,01.High,15,15,No,No,Unreachable,0.63671917,1
970b9527-bcee-43b0-9828-63224a11928c,660104,Quick Add Form,Organic Search,No,No,0,16,1192,16.0,Form Submitted on Website,,Retail Management,Reference,Businessman,,No,No,No,No,No,No,No,No,Interested in other courses,Low in Relevance,No,No,Lateral Student,Other Metro Cities,02.Medium,02.Medium,15,15,No,No,Modified,0.11399925,0
dbc33aba-ff7d-45d2-875b-6f72a988618b,660103,Landing Page Submission,Organic Search,No,No,0,13,361,4.88,Olark Chat Conversation,India,Healthcare Management,Select,Student,Quality Education,No,No,No,No,No,No,No,No,,,No,No,Lateral Student,Other Cities,02.Medium,,15,13,No,No,Unreachable,0.22695796,0
78d9c470-f81b-464f-971e-b4ff528d709d,660102,Quick Add Form,Facebook,No,No,0,9,1361,9.0,View in browser link Clicked,Oman,Operations Management,Reference,Businessman,Quality Education,No,No,No,No,No,No,No,No,Lost to EINS,Low in Relevance,No,No,Select,Other Cities of Maharashtra,01.High,03.Low,18,13,No,No,Page Visited on Website,0.9990339,1
30f2f9eb-72a6-4f84-87a6-73ec510dbb66,660101,Lead Import,Welingak Website,No,No,0,14,676,14.0,Form Submitted on Website,,IT Projects Management,Reference,,Affordable Fees,No,No,No,No,No,No,No,No,Ringing,,No,No,Other Leads,Other Cities of Maharashtra,02.Medium,02.Medium,16,16,No,No,Modified,0.04085103,0
c0d76cd1-a451-4e40-b1d8-dd507fe5cebe,660100,Quick Add Form,Facebook,No,Yes,0,2,635,2.0,View in browser link Clicked,Qatar,Supply Chain Management,Other,Other,Quality Education,No,No,No,No,No,No,No,No,Will revert after reading the email,Worst,No,No,,Thane & Outskirts,02.Medium,02.Medium,16,12,No,Yes,Email Opened,0.96886224,1
1a781eed-b204-4617-bfa6-4b2e2c037f4b,660099,API,Welingak Website,No,No,0,14,1363,14.0,Had a Phone Conversation,Saudi Arabia,Select,Other,Unemployed,Quality Education,No,No,No,No,No,No,No,No,Busy,Not Sure,No,No,,Other Metro Cities,02.Medium,01.High,14,17,No,No,Email Opened,0.9196918,1
8464dbce-0d54-4b77-ad38-b2f84a59e1a9,660098,Quick Add Form,Reference,Yes,No,1,14,205,14.0,Form Submitted on Website,Oman,Retail Management,Student of SomeSchool,,Better Career Prospects,No,No,No,No,No,No,No,No,Lost to EINS,Low in Relevance,No,No,Select,Other Cities of Maharashtra,,01.High,12,18,No,Yes,Olark Chat Conversation,0.4011681,0
3535c53d-96ea-41de-a98a-a9ef559a826b,660097,Landing Page Submission,Organic Search,Yes,No,0,6,1129,6.0,Converted to Lead,Kuwait,Select,Other,,,No,No,No,No,No,No,No,No,,Might be,No,No,Potential Lead,Thane & Outskirts,02.Medium,02.Medium,12,16,No,Yes,Modified,0.062070012,0
2975bcda-d119-4f54-978c-be25cf027cf0,660096,API,Google,No,No,1,10,1567,2.26,Email Bounced,Kuwait,"Banking, Investment And Insurance",Other,Student,Affordable Fees,No,No,No,No,No,No,No,No,Will revert after reading the email,,No,No,Lateral Student,Other Cities of Maharashtra,02.Medium,02.Medium,13,14,No,No,Unreachable,0.99866164,1
73fd0bfd-b42c-4b9e-8f60-27744103d701,660095,Quick Add Form,Google,No,No,1,3,1783,3.0,Modified,Kuwait,Rural and Agribusiness,Select,Unemployed,Quality Education,No,No,No,No,No,No,No,No,switched off,Might be,No,No,Dual Specialization Student,Mumbai,01.High,02.Medium,15,16,No,No,Modified,0.049749956,0
ec547756-7206-4fe0-af51-7f54e9e55a9e,660094,Quick Add Form,Referral Sites,No,No,0,11,954,11.0,View in browser link Clicked,United Kingdom,Marketing Management,Select,Working Professional,Better Career Prospects,No,No,No,No,No,No,No,No,Diploma holder (Not Eligible),,No,No,Dual Specialization Student,Other Metro Cities,02.Medium,02.Medium,16,14,No,No,Page Visited on Website,0.97071767,1
a2cf1b65-e188-46ca-bc27-eac5749e73ae,660093,Lead Add Form,Referral Sites,No,No,0,12,998,12.0,Modified,Bahrain,Operations Management,Word Of Mouth,,Affordable Fees,No,No,No,No,No,No,No,No,Already a student,Might be,No,No,Dual Specialization Student,Other Cities,02.Medium,03.Low,14,12,No,No,Modified,0.07156716,0
e062fdc9-bf1d-4d60-80a4-579d9b01d92d,660092,API,Google,No,No,0,3,1541,3.0,Page Visited on Website,Bahrain,Operations Management,Select,Other,,No,No,No,No,No,No,No,No,Will revert after reading the email,High in Relevance,No,No,Select,,,03.Low,17,10,No,Yes,Page Visited on Website,0.9233338,1
3fc7d4fe-2d89-476d-8951-a508091c4409,660091,Quick Add Form,Facebook,No,No,0,5,944,2.2,Email Bounced,India,International Business,Other,Businessman,Quality Education,No,No,No,No,No,No,No,No,Lost to EINS,,No,No,Lateral Student,Other Cities,02.Medium,02.Medium,12,14,No,No,Modified,0.99602795,1
321c060f-e0c2-4ee5-9d70-59e878a9a8cf,660090,API,Direct Traffic,No,No,1,7,125,7.0,Olark Chat Conversation,Kuwait,E-COMMERCE,Reference,Businessman,Quality Education,No,No,No,No,No,No,No,No,Closed by Horizzon,High in Relevance,No,No,Select,Thane & Outskirts,02.Medium,01.High,12,17,No,Yes,Olark Chat Conversation,0.83243287,1
1cb65021-06bd-4ecf-9deb-93d14dc2c234,660089,API,Email,No,Yes,0,2,914,2.0,Form Submitted on Website,Bahrain,Select,Reference,,Better Career Prospects,No,No,No,No,No,No,No,No,Ringing,Not Sure,No,No,Lateral Student,Select,02.Medium,02.Medium,14,15,No,No,Unreachable,0.08619338,0
aae5d5ff-7763-49f4-83d0-1f3ead4ca387,660088,Landing Page Submission,Referral Sites,No,Yes,0,8,226,8.0,Email Bounced,Kuwait,Select,Email,,Quality Education,No,No,No,No,No,No,No,No,Graduation in progress,Low in Relevance,No,No,Dual Specialization Student,,02.Medium,02.Medium,14,12,No,No,Unreachable,0.02478428,0
58c2e5fe-1bc2-4c1b-95d7-f28e0881efe4,660087,API,Direct Traffic,Yes,No,1,11,1653,11.0,View in browser link Clicked,Saudi Arabia,Operations Management,Online Search,Other,,No,No,No,No,No,No,No,No,Graduation in progress,Might be,No,No,Lateral Student,,02.Medium,02.Medium,13,12,No,No,Email Opened,0.03455648,0
b857741f-8d30-4612-8b16-f592ed1ab2f5,660086,Lead Import,Olark Chat,No,No,0,8,1224,8.0,View in browser link Clicked,UAE,International Business,Select,Working Professional,Better Career Prospects,No,No,No,No,No,No,No,No,opp hangup,,No,No,Potential Lead,Thane & Outskirts,01.High,01.High,15,16,No,No,Olark Chat Conversation,0.34270933,0
8fbe3bd9-9a8d-423f-a96f-2b61f31da3be,660085,Lead Import,YouTube,No,No,0,16,566,16.0,SMS Sent,UAE,Operations Management,Select,,,No,No,No,No,No,No,No,No,Diploma holder (Not Eligible),Worst,No,No,,Other Metro Cities,02.Medium,02.Medium,14,16,No,No,Olark Chat Conversation,0.0037904473,0
cfa2e0ac-4f2d-44eb-ad6d-4cb06e228fc0,660084,Landing Page Submission,Google,No,No,0,8,1154,8.0,Olark Chat Conversation,Kuwait,"Banking, Investment And Insurance",Other,Working Professional,Affordable Fees,No,No,No,No,No,No,No,No,,Worst,No,No,Select,Other Metro Cities,02.Medium,02.Medium,16,13,No,No,Olark Chat Conversation,0.63458395,1
1ea1d885-a9ba-4ee7-8979-725a1a281f08,660083,Lead Add Form,Welingak Website,Yes,No,0,3,874,3.0,Had a Phone Conversation,India,Select,Email,Businessman,Affordable Fees,No,No,No,No,No,No,No,No,switched off,Low in Relevance,No,No,Lateral Student,Other Cities of Maharashtra,02.Medium,02.Medium,15,13,No,No,Modified,0.07128272,0
3aa61349-6be1-4bdb-8531-9e9142554901,660082,Lead Add Form,Facebook,No,No,0,9,1510,9.0,Email Bounced,,Marketing Management,Student of SomeSchool,Working Professional,Quality Education,No,No,No,No,No,No,No,No,Diploma holder (Not Eligible),,No,No,Lateral Student,Other Cities,02.Medium,03.Low,15,10,No,No,Email Opened,0.704347,1
c364a527-e4ab-41fc-96d3-b0357ebd055f,660081,Landing Page Submission,Olark Chat,Yes,Yes,1,8,565,6.82,Had a Phone Conversation,India,Select,Multiple Sources,,Better Career Prospects,No,No,No,No,No,No,No,No,Graduation in progress,Low in Relevance,No,No,Potential Lead,Thane & Outskirts,02.Medium,01.High,16,16,No,No,Modified,0.0071678087,0
a63a333f-99cd-4aa7-ac44-084fd9a018d9,660080,Lead Add Form,Facebook,No,No,1,0,0,0.0,Unreachable,United Kingdom,"Banking, Investment And Insurance",Other,Businessman,,No,No,No,No,No,No,No,No,Will revert after reading the email,High in Relevance,No,No,Dual Specialization Student,,02.Medium,01.High,14,15,No,No,Unreachable,0.9858571,1
740fc389-c333-4e54-b8ac-73b26660d61c,660079,Lead Import,Direct Traffic,No,No,0,8,165,8.0,Had a Phone Conversation,Bahrain,International Business,Multiple Sources,,Affordable Fees,No,No,No,No,No,No,No,No,Interested in other courses,Might be,No,No,Potential Lead,Other Cities,02.Medium,01.High,14,18,No,No,Unreachable,0.0042113806,0
e116abdf-52d0-44ea-8a5a-4c1ecea4b58f,660078,Quick Add Form,Facebook,No,No,0,2,514,2.0,Page Visited on Website,Saudi Arabia,E-COMMERCE,Student of SomeSchool,Working Professional,Quality Education,No,No,No,No,No,No,No,No,Closed by Horizzon,High in Relevance,No,No,Select,Thane & Outskirts,02.Medium,02.Medium,16,12,No,No,Page Visited on Website,0.9763924,1
9dd6c485-2360-4158-8134-63770d744466,660077,Quick Add Form,Facebook,No,No,0,11,452,2.03,Modified,,Supply Chain Management,Select,Other,Better Career Prospects,No,No,No,No,No,No,No,No,,High in Relevance,No,No,Dual Specialization Student,Mumbai,01.High,02.Medium,17,16,No,No,Modified,0.4594088,0
1259f92b-c3ee-40ee-b88e-e2c1c25858ac,660076,API,Welingak Website,No,No,0,14,405,14.0,Had a Phone Conversation,Saudi Arabia,Hospitality Management,Student of SomeSchool,Student,Affordable Fees,No,No,No,No,No,No,No,No,Will revert after reading the email,High in Relevance,No,No,Potential Lead,Thane & Outskirts,,,10,16,No,No,Page Visited on Website,0.94412655,1
512e5d65-bbcc-4780-938e-dfd6bdefa340,660075,Landing Page Submission,Direct Traffic,No,No,0,1,1855,1.9,Email Bounced,Saudi Arabia,Healthcare Management,Online Search,Working Professional,Flexibility & Convenience,No,No,No,No,No,No,No,No,number not provided,Not Sure,No,No,Lateral Student,,02.Medium,01.High,13,16,No,No,Modified,0.0153269805,0
5861e1a3-03c3-4712-84e7-1f3623027101,660074,Lead Import,Facebook,No,No,0,5,119,5.0,Converted to Lead,,Finance Management,Email,Working Professional,Flexibility & Convenience,No,No,No,No,No,No,No,No,in touch with EINS,,No,Yes,Dual Specialization Student,,02.Medium,01.High,12,18,No,No,Email Opened,0.010902662,0
798608ba-7779-4fab-9d11-9496cc7299c2,660073,Lead Import,Direct Traffic,No,No,1,5,1832,7.61,Olark Chat Conversation,United Kingdom,Marketing Management,Select,Other,Better Career Prospects,No,No,No,No,No,No,No,No,Lost to EINS,Worst,No,No,Dual Specialization Student,Thane & Outskirts,01.High,02.Medium,18,14,No,No,Modified,0.9950145,1
f38c0850-94fb-4cc4-8c2c-02944fae8163,660072,API,Facebook,No,No,0,10,1407,10.0,SMS Sent,UAE,Select,Reference,Other,Flexibility & Convenience,No,No,No,No,No,No,No,No,opp hangup,Low in Relevance,No,No,Potential Lead,Other Cities of Maharashtra,01.High,02.Medium,17,16,No,Yes,Modified,0.33885732,0
134c7ccb-363c-4a9f-9936-3557a915bf65,660071,Lead Add Form,Direct Traffic,Yes,No,0,11,1080,11.0,Unreachable,UAE,"Banking, Investment And Insurance",Other,,,No,No,No,No,No,No,No,No,,Worst,No,Yes,Potential Lead,Other Metro Cities,01.High,02.Medium,15,16,No,No,Unreachable,0.7700823,1
f54dffcf-e3fe-4e3d-b0a5-a31bb8e406cf,660070,Lead Add Form,Welingak Website,No,No,0,14,1404,14.0,Page Visited on Website,Oman,Operations Management,Select,,,No,No,No,No,No,No,No,No,Already a student,Worst,No,No,Select,Thane & Outskirts,01.High,01.High,18,15,No,Yes,Page Visited on Website,0.20908143,0
ecd0175f-ab58-4591-8937-e48fcb6d4dc7,660069,Lead Import,Reference,No,No,1,2,982,2.42,Email Link Clicked,United Kingdom,Healthcare Management,Multiple Sources,Unemployed,Affordable Fees,No,No,No,No,No,No,No,No,in touch with EINS,,No,No,Other Leads,Other Metro Cities,02.Medium,01.High,14,16,No,No,Email Link Clicked,0.17297956,0
4773ce33-0307-4e9c-863b-8d7429dd7f7c,660068,Lead Add Form,Olark Chat,No,No,1,16,1143,16.0,Olark Chat Conversation,United Kingdom,E-COMMERCE,Online Search,,Better Career Prospects,No,No,No,No,No,No,No,No,opp hangup,High in Relevance,No,No,Dual Specialization Student,Thane & Outskirts,03.Low,,11,16,No,No,Unreachable,0.8915105,1
d485d1d3-7f62-40f6-b118-5e59762bedfd,660067,Quick Add Form,YouTube,No,No,1,9,1552,9.0,Unreachable,Kuwait,Select,Online Search,Working Professional,Flexibility & Convenience,No,No,No,No,No,No,No,No,Already a student,Worst,No,No,,Other Metro Cities,01.High,01.High,18,15,No,No,Unreachable,0.46375313,0
84ad6651-feea-4789-961a-7da8ee7faeef,660066,Landing Page Submission,Facebook,No,Yes,0,3,1118,3.0,Email Link Clicked,United States,Retail Management,Multiple Sources,,,No,No,No,No,No,No,No,No,Will revert after reading the email,Might be,No,No,,,03.Low,,11,16,No,Yes,Email Link Clicked,0.79404324,1
2de5f98c-5014-4d8b-9bdc-ab048974bceb,660065,Lead Import,Direct Traffic,Yes,No,1,14,1818,14.0,Had a Phone Conversation,Bahrain,Operations Management,Online Search,,Affordable Fees,No,No,No,No,No,No,No,No,in touch with EINS,High in Relevance,No,No,Potential Lead,,02.Medium,02.Medium,13,15,No,No,Unreachable,0.50709534,1
ebf0cc7a-5205-4c41-bbf9-d2e50ae98bb5,660064,Lead Import,Olark Chat,No,No,1,16,187,16.0,Modified,Kuwait,Services Excellence,Student of SomeSchool,Unemployed,Better Career Prospects,No,No,No,No,No,No,No,No,number not provided,High in Relevance,No,No,,,02.Medium,03.Low,15,12,No,No,Modified,0.0003075577,0
53220003-4644-4043-8d6c-09bad5fa9458,660063,Landing Page Submission,Reference,No,No,0,8,1718,8.0,SMS Sent,United Kingdom,"Banking, Investment And Insurance",Other,,Better Career Prospects,No,No,No,No,No,No,No,No,Graduation in progress,Worst,No,No,Select,Other Cities,02.Medium,02.Medium,13,16,No,No,Olark Chat Conversation,0.46571845,0
d85fafdc-7efe-4455-96d9-2c54a888c350,660062,Landing Page Submission,YouTube,No,No,0,12,1606,4.24,Email Bounced,Oman,Media and Advertising,Student of SomeSchool,Student,Affordable Fees,No,No,No,No,No,No,No,No,Graduation in progress,Low in Relevance,No,No,Lateral Student,Thane & Outskirts,03.Low,02.Medium,13,12,No,No,Page Visited on Website,0.89982915,1
befe94c5-e23f-4323-bbb8-d08c4c1bad39,660061,Quick Add Form,Organic Search,No,No,1,0,0,0.0,View in browser link Clicked,United States,"Banking, Investment And Insurance",Reference,Businessman,,No,No,No,No,No,No,No,No,Ringing,Worst,No,No,Dual Specialization Student,Select,02.Medium,01.High,13,17,No,No,Modified,0.04362529,0
67621df7-8cc3-4700-b7c9-052b3cd74290,660060,Lead Import,YouTube,No,Yes,0,14,621,14.0,Modified,Kuwait,Select,Other,Unemployed,Better Career Prospects,No,No,No,No,No,No,No,No,Diploma holder (Not Eligible),,No,No,,,01.High,01.High,15,17,No,No,Modified,0.0044276738,0
2a07d356-052f-46db-a5bb-eb37ce032908,660059,API,Olark Chat,No,No,0,1,235,1.0,Form Submitted on Website,United Kingdom,Finance Management,Select,Unemployed,Quality Education,No,No,No,No,No,No,No,No,Ringing,Worst,No,No,Other Leads,Thane & Outskirts,01.High,01.High,17,18,No,No,Page Visited on Website,0.010528207,0
6536352f-1a4a-4f2b-a08d-46f4a17a58f5,660058,Lead Import,Facebook,No,No,1,3,1247,3.0,Modified,Oman,International Business,Online Search,Businessman,Flexibility & Convenience,No,No,No,No,No,No,No,No,Already a student,Not Sure,No,No,Dual Specialization Student,Other Cities of Maharashtra,01.High,01.High,15,18,No,No,Modified,0.027042398,0
ec0b9738-e65f-4eac-9d83-9979c8e7993b,660057,Quick Add Form,YouTube,Yes,No,0,17,67,17.0,Modified,Bahrain,Human Resource Management,Multiple Sources,Unemployed,Flexibility & Convenience,No,No,No,No,No,No,No,No,Will revert after reading the email,Worst,No,No,Select,Thane & Outskirts,01.High,02.Medium,17,16,No,No,Modified,0.22064301,0
cf585010-e9f2-4dd4-9002-4c6bf35196b8,660056,Landing Page Submission,Email,No,No,0,10,444,10.0,Modified,,Retail Management,Other,Unemployed,Quality Education,No,No,No,No,No,No,No,No,switched off,Low in Relevance,No,No,Lateral Student,Other Cities of Maharashtra,01.High,01.High,16,18,No,No,Modified,0.0005488746,0
eaf7cf79-e120-4904-b272-165213b703d8,660055,Landing Page Submission,Welingak Website,No,No,1,15,1432,4.0,Modified,Bahrain,Services Excellence,Select,Businessman,Flexibility & Convenience,No,No,No,No,No,No,No,No,Lost to EINS,Not Sure,No,No,Dual Specialization Student,Other Cities of Maharashtra,01.High,01.High,16,15,No,No,Modified,0.9998617,1
7449561a-0c8d-4a21-9120-377e07b7c331,660054,Quick Add Form,Facebook,No,No,1,14,475,14.0,SMS Sent,Qatar,Supply Chain Management,Select,Businessman,Flexibility & Convenience,No,No,No,No,No,No,No,No,in touch with EINS,,No,No,Potential Lead,Mumbai,01.High,02.Medium,15,13,No,No,Email Opened,0.48643965,0
4cfbeaa8-5c33-4d7d-bfe4-cd3335e49497,660053,API,Welingak Website,No,No,0,13,1650,13.0,Modified,UAE,Supply Chain Management,Word Of Mouth,Unemployed,Quality Education,No,No,No,No,No,No,No,No,opp hangup,,No,No,Lateral Student,,01.High,03.Low,18,11,No,No,Modified,0.99474216,1
0fc0212d-90b1-4ed6-9938-46f5afc96ab2,660052,Landing Page Submission,Facebook,No,Yes,0,10,1340,10.0,SMS Sent,UAE,Operations Management,Word Of Mouth,Businessman,,No,No,No,No,No,No,No,No,Interested in other courses,Might be,No,No,Dual Specialization Student,,02.Medium,01.High,14,18,No,No,Unreachable,0.33526954,0
ba41b36a-b459-44e5-b0e0-4382ca732116,660051,Quick Add Form,Welingak Website,No,No,0,11,102,11.0,Converted to Lead,Saudi Arabia,Marketing Management,Select,Other,,No,No,No,No,No,No,No,No,Diploma holder (Not Eligible),Low in Relevance,No,No,Potential Lead,Thane & Outskirts,02.Medium,02.Medium,16,14,No,Yes,Modified,0.0052837892,0
e00b0553-ccc0-4b76-8857-7409a6939b1a,660050,Lead Import,Referral Sites,No,No,1,9,553,9.0,Converted to Lead,Saudi Arabia,Select,Word Of Mouth,,Better Career Prospects,No,No,No,No,No,No,No,No,Diploma holder (Not Eligible),Not Sure,No,No,Other Leads,,01.High,01.High,17,17,No,Yes,Email Opened,0.0010884434,0
5916495a-c33b-4c3c-9dd1-6fa51f4c79d7,660049,Quick Add Form,Reference,No,No,0,0,0,0.0,Converted to Lead,Bahrain,Marketing Management,Word Of Mouth,Businessman,Flexibility & Convenience,No,No,No,No,No,No,No,No,number not provided,Worst,No,No,Potential Lead,Other Metro Cities,01.High,02.Medium,15,15,No,No,Email Opened,0.06134806,0
102955a5-083d-44bb-9ded-13fd2aeee2f5,660048,Lead Import,YouTube,No,No,0,11,572,11.0,Had a Phone Conversation,Oman,Human Resource Management,Select,Other,Affordable Fees,No,No,No,No,No,No,No,No,number not provided,,No,No,,Select,02.Medium,02.Medium,15,13,No,No,Modified,0.018081354,0
12e7b48f-a84c-48b9-be95-e00d291c6328,660047,Landing Page Submission,Facebook,No,No,0,5,1509,5.0,Had a Phone Conversation,Saudi Arabia,Select,Online Search,,Quality Education,No,No,No,No,No,No,No,No,switched off,,No,No,Lateral Student,Other Cities of Maharashtra,02.Medium,03.Low,15,11,No,Yes,Page Visited on Website,0.0026843615,0
bd7457b2-7a5e-434b-98cb-e616fb5fc0ae,660046,Quick Add Form,Welingak Website,No,No,0,3,1447,3.0,Unreachable,Saudi Arabia,Select,Multiple Sources,Other,,No,No,No,No,No,No,No,No,Diploma holder (Not Eligible),Not Sure,No,No,Select,Other Metro Cities,03.Low,01.High,12,18,No,No,Unreachable,0.27893105,0
ea8fc18c-ba32-47ab-9b28-ada01e7933af,660045,API,Direct Traffic,Yes,No,0,10,784,3.8,Had a Phone Conversation,Qatar,Services Excellence,Select,,Flexibility & Convenience,No,No,No,No,No,No,No,No,opp hangup,High in Relevance,No,No,Potential Lead,Other Metro Cities,02.Medium,01.High,16,18,No,No,Modified,0.014423654,0
3c8c02c5-dee0-4fd2-934b-b72e1b691eb7,660044,Quick Add Form,YouTube,Yes,No,0,7,1799,8.47,Olark Chat Conversation,Oman,Select,Select,Other,Flexibility & Convenience,No,No,No,No,No,No,No,No,Busy,Not Sure,No,No,Dual Specialization Student,,02.Medium,02.Medium,16,14,No,No,Olark Chat Conversation,0.59077525,1
4045a2ee-71b2-4b86-9468-31bb32a41e0e,660043,API,YouTube,No,No,0,9,410,9.0,Had a Phone Conversation,Kuwait,IT Projects Management,Online Search,,,No,No,No,No,No,No,No,No,Already a student,Low in Relevance,No,No,Lateral Student,Thane & Outskirts,01.High,02.Medium,15,14,Yes,Yes,Email Opened,0.0024028658,0
1c7d6a79-8f73-4c19-8a82-016357c5c9a0,660042,API,Direct Traffic,No,No,0,17,724,17.0,Unsubscribed,United Kingdom,Services Excellence,Word Of Mouth,Working Professional,Flexibility & Convenience,No,No,No,No,No,No,No,No,Closed by Horizzon,Might be,No,No,Other Leads,Thane & Outskirts,,02.Medium,14,16,No,No,Unsubscribed,0.99975187,1
22b2d283-737b-43c9-9dd7-9e480ffaa91d,660041,Lead Add Form,Facebook,No,No,0,4,185,4.0,Unsubscribed,,Select,Reference,,,No,No,No,No,No,No,No,No,,Worst,No,No,Dual Specialization Student,,02.Medium,02.Medium,16,13,No,No,Unsubscribed,0.33495542,0
3f10ae06-d2ff-47d6-b6e0-81af38ae16d7,660040,Quick Add Form,Facebook,No,No,1,5,936,5.0,Email Opened,Qatar,E-COMMERCE,Multiple Sources,,,No,No,No,No,No,No,No,No,Lost to EINS,Low in Relevance,No,No,,,02.Medium,01.High,13,15,No,Yes,Email Opened,0.994124,1
0efb0375-05d8-4af8-ac02-efb00619fdc1,660039,Landing Page Submission,Reference,No,No,0,16,1496,16.0,Page Visited on Website,United Kingdom,Retail Management,Reference,Other,Affordable Fees,No,No,No,No,No,No,No,No,Will revert after reading the email,High in Relevance,No,No,Dual Specialization Student,Other Cities,01.High,01.High,17,16,No,No,Page Visited on Website,0.9838763,1
26251558-ccf1-4c22-b977-d4446926f960,660038,Lead Import,Referral Sites,No,No,0,2,1570,4.16,Converted to Lead,Oman,Marketing Management,Select,,,No,No,No,No,No,No,No,No,Already a student,Not Sure,No,No,,Other Cities of Maharashtra,02.Medium,01.High,15,16,No,No,Olark Chat Conversation,0.016750947,0
f18867d0-2865-453c-9ef7-5f2bb2a35653,660037,API,Google,No,No,0,2,1379,2.0,SMS Sent,,E-COMMERCE,Reference,,,No,No,No,No,No,No,No,No,switched off,Low in Relevance,No,No,Other Leads,,,02.Medium,15,16,No,No,Email Opened,0.19044827,0
f7cc8ee0-023d-4fb7-8b34-d80950671e0b,660036,Landing Page Submission,Olark Chat,No,No,0,6,1073,6.0,Modified,Kuwait,Human Resource Management,Student of SomeSchool,Student,Affordable Fees,No,No,No,No,No,No,No,No,switched off,Not Sure,No,No,Other Leads,,01.High,02.Medium,18,12,No,No,Modified,0.0010498576,0
62604e5e-186e-4bb3-bab7-add7cfa1931f,660035,Lead Add Form,YouTube,Yes,No,0,3,950,3.0,SMS Sent,,Supply Chain Management,Word Of Mouth,Student,Flexibility & Convenience,No,No,No,No,No,No,No,No,in touch with EINS,Might be,No,No,Lateral Student,,01.High,01.High,17,18,No,No,Olark Chat Conversation,0.71012884,1
009a0f30-db31-448b-8384-9e3a7e7dec97,660034,API,Email,No,No,0,7,808,3.06,Unreachable,Oman,Rural and Agribusiness,Reference,Unemployed,Affordable Fees,No,No,No,No,No,No,No,No,Busy,,No,No,Select,Select,02.Medium,02.Medium,14,13,No,No,Unreachable,0.9868318,1
5b480e15-63df-4046-9892-cf6ab9731e2c,660033,Quick Add Form,Email,No,No,1,11,562,1.41,Unsubscribed,India,Marketing Management,Select,Other,Better Career Prospects,No,No,No,No,No,No,No,No,Interested in other courses,Not Sure,No,No,Potential Lead,,,01.High,12,15,No,No,Unsubscribed,0.6599686,1
0dad8864-7403-4433-91a7-78b38fc51350,660032,API,Organic Search,No,No,0,9,1793,7.8,SMS Sent,,Hospitality Management,Word Of Mouth,,Flexibility & Convenience,No,No,No,No,No,No,No,No,opp hangup,Might be,No,No,Lateral Student,Other Cities of Maharashtra,02.Medium,03.Low,12,13,No,No,Page Visited on Website,0.9674895,1
6d439f65-7ea4-44e4-888b-3117cb5c80be,660031,Lead Import,Facebook,No,No,0,2,1181,2.0,View in browser link Clicked,Saudi Arabia,Media and Advertising,Select,,Affordable Fees,No,No,No,No,No,No,No,No,Ringing,Might be,No,No,Lateral Student,,01.High,02.Medium,18,16,No,Yes,Email Opened,0.0014537167,0
8b90a216-1a95-4bf9-997c-9fca24b00074,660030,Landing Page Submission,Reference,No,No,0,17,861,17.0,Email Bounced,,Marketing Management,Reference,,Better Career Prospects,No,No,No,No,No,No,No,No,Graduation in progress,,No,No,Potential Lead,Other Cities,02.Medium,01.High,14,16,No,No,Unreachable,0.6914796,1
6fd6b653-087c-455f-a531-74264de0f48d,660029,API,YouTube,Yes,No,0,15,1504,15.0,Unsubscribed,United Kingdom,Rural and Agribusiness,Other,Student,Quality Education,No,No,No,No,No,No,No,No,Lost to EINS,Not Sure,No,No,Other Leads,,02.Medium,01.High,16,16,No,No,Unsubscribed,0.9992623,1
c5167d53-ace3-4bb0-abec-2028e6f8aed5,660028,Lead Add Form,Referral Sites,No,No,0,9,1627,9.0,Email Opened,Qatar,E-COMMERCE,Select,Businessman,Affordable Fees,No,No,No,No,No,No,No,No,switched off,,No,No,Other Leads,,02.Medium,02.Medium,15,14,No,Yes,Email Opened,0.25254402,0
46e76588-785d-49a3-a944-278544cbfff4,660027,Landing Page Submission,Reference,No,No,0,4,667,4.0,Had a Phone Conversation,Saudi Arabia,Services Excellence,Multiple Sources,Other,Better Career Prospects,No,No,No,No,No,No,No,No,Closed by Horizzon,Worst,No,No,Other Leads,Other Cities of Maharashtra,02.Medium,02.Medium,15,13,No,No,Email Opened,0.6429733,1
f1a210b2-be1c-44aa-bc89-76a262509fcc,660026,Lead Import,Olark Chat,No,No,0,1,55,1.0,Converted to Lead,,Finance Management,Reference,,Affordable Fees,No,No,No,No,No,No,No,No,,High in Relevance,No,No,Dual Specialization Student,Select,01.High,02.Medium,18,12,No,No,Unreachable,0.43137145,0
e7a68676-0fcd-4057-8857-ebf116f56350,660025,Lead Add Form,Google,Yes,No,0,9,374,9.0,Modified,Singapore,International Business,Other,Working Professional,,No,No,No,No,No,No,No,No,Closed by Horizzon,Not Sure,No,No,Lateral Student,Mumbai,01.High,03.Low,17,11,No,Yes,Modified,0.9299116,1
2d4c99db-f11b-4aed-adbf-b1ec658f212a,660024,Lead Add Form,Organic Search,Yes,No,1,12,535,12.0,Unreachable,Bahrain,International Business,Reference,,Better Career Prospects,No,No,No,No,No,No,No,No,,Low in Relevance,No,No,Lateral Student,Mumbai,01.High,02.Medium,18,13,No,No,Unreachable,0.69350195,1
6c56e126-9469-4e1c-bae1-845164bddf15,660023,Quick Add Form,Google,No,No,1,12,754,12.0,SMS Sent,UAE,Human Resource Management,Other,Working Professional,Quality Education,No,No,No,No,No,No,No,No,Lost to EINS,Not Sure,No,No,Potential Lead,,01.High,01.High,18,15,No,Yes,Modified,0.99820995,1
0a03f49a-7aaf-47b9-9f52-7a107e3f394d,660022,Landing Page Submission,Organic Search,No,No,0,9,130,9.0,Modified,Oman,Operations Management,Reference,Working Professional,Better Career Prospects,No,No,No,No,No,No,No,No,in touch with EINS,Not Sure,No,No,Dual Specialization Student,Thane & Outskirts,02.Medium,01.High,16,17,No,No,Modified,0.08985267,0
52e407bf-89a7-47a8-8e11-7fb7cafd831f,660021,API,Olark Chat,No,No,0,10,897,10.0,Email Opened,Qatar,Business Administration,Online Search,Other,Affordable Fees,No,No,No,No,No,No,No,No,Busy,High in Relevance,No,No,,Other Metro Cities,01.High,02.Medium,18,15,No,Yes,Email Opened,0.4160003,0
bf9587a2-6e10-476d-80bc-f892e022a50c,660020,API,Olark Chat,No,No,1,8,1181,8.0,Form Submitted on Website,Oman,Rural and Agribusiness,Select,,,No,No,No,No,No,No,No,No,,,No,No,Lateral Student,Select,02.Medium,02.Medium,16,15,No,No,Olark Chat Conversation,0.5686268,1
108ba28f-e735-420e-b1b8-46b79c6fa420,660019,Landing Page Submission,Google,No,Yes,0,15,1307,15.0,Email Bounced,Kuwait,Healthcare Management,Select,,,No,No,No,No,No,No,No,No,Ringing,,No,No,Other Leads,Other Metro Cities,03.Low,01.High,13,16,No,Yes,Page Visited on Website,0.04428118,0
a4ab4fb6-4fd5-4f58-a863-6dfd30f726c1,660018,Lead Import,Direct Traffic,No,No,1,5,148,5.0,Unsubscribed,,Healthcare Management,Word Of Mouth,Unemployed,Affordable Fees,No,No,No,No,No,No,No,No,Closed by Horizzon,Worst,No,No,Potential Lead,,02.Medium,02.Medium,12,15,No,No,Unsubscribed,0.99961203,1
610c160b-66f5-488f-bcd7-9ec3d4cc3601,660017,Lead Import,Organic Search,No,No,0,10,377,10.0,Form Submitted on Website,UAE,Services Excellence,Word Of Mouth,,Flexibility & Convenience,No,No,No,No,No,No,No,No,opp hangup,Low in Relevance,No,No,Potential Lead,Other Cities of Maharashtra,02.Medium,,16,11,No,Yes,Modified,0.0049766893,0
55afa308-425e-4dca-a1cc-13c97f9ac9b7,660016,Landing Page Submission,YouTube,No,No,0,12,1611,12.0,Page Visited on Website,UAE,Healthcare Management,Other,Working Professional,Affordable Fees,No,No,No,No,No,No,No,No,Diploma holder (Not Eligible),Not Sure,No,No,Potential Lead,Other Metro Cities,02.Medium,01.High,15,18,No,No,Page Visited on Website,0.8791286,1
216a771a-a903-4ce6-8402-000e2396173d,660015,Lead Import,Welingak Website,No,No,1,10,986,10.0,Unsubscribed,,Select,Select,,Better Career Prospects,No,No,No,No,No,No,No,No,number not provided,Worst,No,No,Potential Lead,Mumbai,01.High,02.Medium,18,12,No,Yes,Unsubscribed,0.92061996,1
e81e49c9-fbef-42dc-afd8-e2157b321d13,660014,API,Organic Search,No,No,0,14,1758,14.0,Unreachable,Kuwait,Rural and Agribusiness,Other,Other,,No,No,No,No,No,No,No,No,,High in Relevance,No,No,Potential Lead,,03.Low,02.Medium,11,16,Yes,No,Unreachable,0.97509795,1
4293604c-537f-4c8f-b88c-a573c63144b0,660013,Landing Page Submission,YouTube,No,No,0,6,1480,6.0,Unreachable,,Finance Management,Word Of Mouth,,,No,No,No,No,No,No,No,No,Closed by Horizzon,Low in Relevance,No,No,Lateral Student,Thane & Outskirts,02.Medium,01.High,15,17,No,No,Unreachable,0.9997447,1
918e0278-a044-4329-a031-0760fe355f82,660012,API,Direct Traffic,No,No,0,10,392,10.0,Olark Chat Conversation,Bahrain,Operations Management,Online Search,Student,Quality Education,No,No,No,No,No,No,No,No,opp hangup,,No,No,,Thane & Outskirts,02.Medium,02.Medium,15,16,No,Yes,Page Visited on Website,0.010489091,0
a61ed87b-6c93-4c1a-8be1-e4acff309695,660011,Quick Add Form,Organic Search,No,No,0,5,843,5.0,Page Visited on Website,,Select,Online Search,Student,Better Career Prospects,No,No,No,No,No,No,No,No,Lost to EINS,Low in Relevance,No,No,Potential Lead,Other Cities,01.High,02.Medium,15,16,No,Yes,Page Visited on Website,0.99653363,1
7c174924-4cf3-44c9-9d8b-c7b70acaaec3,660010,Lead Add Form,Email,No,No,0,0,0,0.0,Modified,,Business Administration,Select,Unemployed,Flexibility & Convenience,No,No,No,No,No,No,No,No,Diploma holder (Not Eligible),High in Relevance,No,No,Dual Specialization Student,Thane & Outskirts,02.Medium,03.Low,12,10,No,Yes,Modified,0.0073193577,0
28a87453-cf16-4350-bc68-68b69be89563,660009,Quick Add Form,Referral Sites,Yes,No,0,11,312,11.0,Email Link Clicked,,"Banking, Investment And Insurance",Online Search,Other,,No,No,No,No,No,No,No,No,Busy,Not Sure,No,No,Other Leads,,02.Medium,02.Medium,13,12,No,No,Email Link Clicked,0.030527404,0
2a94a378-291f-4247-a514-f034722141b0,660008,Quick Add Form,Welingak Website,No,No,1,9,750,9.0,Email Link Clicked,Singapore,International Business,Word Of Mouth,Businessman,Affordable Fees,No,No,No,No,No,No,No,No,Diploma holder (Not Eligible),Not Sure,No,No,Dual Specialization Student,Other Cities,02.Medium,01.High,12,16,No,No,Email Link Clicked,0.5662658,1
a1910ff3-5d39-4c8c-9b82-a19e9c38a2a5,660007,API,Organic Search,No,No,0,3,1539,3.0,Converted to Lead,Singapore,Select,Multiple Sources,Student,Affordable Fees,No,No,No,No,No,No,No,No,Busy,Low in Relevance,No,No,Other Leads,Other Cities,02.Medium,02.Medium,13,12,No,Yes,Page Visited on Website,0.74053246,1
285fb02b-1698-48d5-8d5d-a9a935a2abc4,660006,API,Referral Sites,Yes,No,0,2,605,2.0,Email Bounced,UAE,Media and Advertising,Select,Businessman,Flexibility & Convenience,No,No,No,No,No,No,No,No,in touch with EINS,High in Relevance,No,No,Select,Other Cities,01.High,01.High,16,17,No,No,Modified,0.009612557,0
e53880db-1232-414e-91e0-14af2861bc54,660005,Quick Add Form,Organic Search,No,Yes,0,14,1403,14.0,SMS Sent,Singapore,Finance Management,Student of SomeSchool,Other,,No,No,No,No,No,No,No,No,Busy,Worst,No,No,Lateral Student,,,,15,17,No,No,Unreachable,0.9774214,1
e8229b91-8c9f-43a0-a96e-3df53ef0043b,660004,Quick Add Form,Olark Chat,No,No,0,8,555,8.0,Form Submitted on Website,,Finance Management,Online Search,,,No,No,No,No,No,No,No,No,Closed by Horizzon,High in Relevance,No,No,Potential Lead,Thane & Outskirts,01.High,02.Medium,18,15,No,No,Modified,0.95279986,1
59a146a2-fcba-4722-8906-c39f08029b61,660003,Lead Add Form,Facebook,Yes,No,0,15,331,15.0,SMS Sent,Saudi Arabia,Operations Management,Student of SomeSchool,,Affordable Fees,No,No,No,No,No,No,No,No,Ringing,,No,No,Lateral Student,,02.Medium,,13,14,No,No,Unreachable,0.0007830507,0
8026f11f-6bda-442a-a06f-2e9658bc7d8f,660002,API,Olark Chat,No,No,0,12,1305,12.0,Email Link Clicked,India,IT Projects Management,Reference,Student,,No,No,No,No,No,No,No,No,switched off,Not Sure,No,No,Lateral Student,,03.Low,01.High,13,18,No,No,Email Link Clicked,0.0010720586,0
31621d47-5c8b-44ca-be33-9f376a57dd6b,660001,Lead Import,YouTube,No,No,0,16,1555,5.92,Page Visited on Website,,Media and Advertising,Other,Unemployed,,No,No,No,No,No,No,No,No,,Might be,No,No,Dual Specialization Student,Other Metro Cities,,01.High,15,18,No,Yes,Page Visited on Website,0.98481834,1
142c5ae8-d127-4426-a81c-beab4a2003b1,660000,Quick Add Form,Organic Search,No,No,1,16,845,16.0,Modified,Kuwait,Finance Management,Student of SomeSchool,Student,Better Career Prospects,No,No,No,No,No,No,No,No,Closed by Horizzon,,No,No,Lateral Student,,02.Medium,01.High,14,15,No,No,Modified,0.99840456,1
aee865fb-25f7-4816-b327-593f2e21a9b8,659999,Lead Add Form,Direct Traffic,No,No,0,1,287,1.0,Page Visited on Website,United Kingdom,Healthcare Management,Select,,Flexibility & Convenience,No,No,No,No,No,No,No,No,,Not Sure,No,No,Potential Lead,,01.High,01.High,18,16,No,No,Page Visited on Website,0.4159309,0
b188f3e1-24d8-4bb0-b813-795cad46b10f,659998,Quick Add Form,Olark Chat,No,Yes,0,6,356,6.0,Unsubscribed,United Kingdom,Select,Select,Unemployed,Better Career Prospects,No,No,No,No,No,No,No,No,in touch with EINS,,No,No,,Other Metro Cities,01.High,02.Medium,16,15,No,No,Unsubscribed,0.54425603,1
32b54854-d9da-4ffb-b221-1f626af1a23f,659997,API,Email,No,No,0,10,810,10.0,Had a Phone Conversation,United States,Supply Chain Management,Other,Working Professional,Quality Education,No,No,No,No,No,No,No,No,opp hangup,Not Sure,No,No,Select,Select,02.Medium,02.Medium,13,15,No,No,Modified,0.44201288,0
8fa89182-f635-4920-a378-10e975f9ecca,659996,Landing Page Submission,Email,No,No,0,0,0,0.0,Olark Chat Conversation,United States,International Business,Multiple Sources,Businessman,Affordable Fees,No,No,No,No,No,No,No,No,Interested in other courses,,No,No,Dual Specialization Student,,02.Medium,02.Medium,13,13,No,No,Modified,0.0027420395,0
ca6cd3f5-5f30-4c49-bd5b-c1705b65adce,659995,API,Welingak Website,No,Yes,0,10,659,10.0,Form Submitted on Website,Qatar,Media and Advertising,Other,Unemployed,Better Career Prospects,No,No,No,No,No,No,No,No,Will revert after reading the email,Might be,No,No,Lateral Student,Other Cities of Maharashtra,01.High,01.High,18,16,No,Yes,Page Visited on Website,0.9997459,1
f9a6cc3f-c082-42f4-bbfa-98f6b1501d05,659994,Lead Add Form,Reference,No,No,0,2,833,2.0,Form Submitted on Website,India,Media and Advertising,Other,,Better Career Prospects,No,No,No,No,No,No,No,No,in touch with EINS,Not Sure,No,No,Other Leads,,02.Medium,02.Medium,12,14,No,No,Olark Chat Conversation,0.060869813,0
283f5a63-353d-4ba2-922d-4c7b20f2de03,659993,Lead Add Form,Email,No,No,0,8,918,8.0,Converted to Lead,UAE,Human Resource Management,Other,Unemployed,Better Career Prospects,No,No,No,No,No,No,No,No,Lost to EINS,,No,No,Lateral Student,Mumbai,02.Medium,02.Medium,15,13,No,No,Modified,0.99548596,1
a74508f6-93aa-4c45-be6c-763564870f7c,659992,Quick Add Form,Email,No,No,0,8,396,3.47,Email Opened,UAE,Select,Student of SomeSchool,Other,Quality Education,No,No,No,No,No,No,No,No,Already a student,Worst,No,No,Potential Lead,Other Cities,01.High,02.Medium,17,14,No,Yes,Email Opened,0.032818522,0
71aafd83-14cb-481e-8608-fe96bb14a273,659991,Landing Page Submission,Google,No,No,0,10,607,10.0,Page Visited on Website,India,Services Excellence,Select,Student,Better Career Prospects,No,No,No,No,No,No,No,No,in touch with EINS,,Yes,No,Dual Specialization Student,Select,01.High,01.High,15,15,No,No,Page Visited on Website,0.012673413,0
d4b0b6b4-b8ef-4463-b6d9-69ea627b8230,659990,Quick Add Form,Direct Traffic,No,Yes,0,5,307,5.0,Email Link Clicked,Oman,International Business,Email,Working Professional,Affordable Fees,No,No,No,No,No,No,No,No,Will revert after reading the email,Worst,No,No,Lateral Student,,01.High,03.Low,15,12,No,Yes,Email Link Clicked,0.99850583,1
658efcad-fcd2-405c-a8e7-ed5712ce4a62,659989,Lead Add Form,Google,No,No,1,14,1491,14.0,Unreachable,,Select,Reference,,Quality Education,No,No,No,No,No,No,No,No,Busy,High in Relevance,No,No,,Mumbai,,02.Medium,10,16,No,Yes,Unreachable,0.94159776,1
5c4becb9-67ab-49c9-86cf-04550bd99daf,659988,Quick Add Form,Reference,No,No,0,14,1683,14.0,Olark Chat Conversation,UAE,Select,Word Of Mouth,Unemployed,Quality Education,No,No,No,No,No,No,No,No,Closed by Horizzon,,No,No,Select,Other Cities of Maharashtra,,02.Medium,13,16,No,No,Page Visited on Website,0.99919826,1
2268e2fd-de1f-4c26-acb8-a357b57f536c,659987,Lead Import,Referral Sites,No,Yes,1,3,767,3.0,Email Link Clicked,Saudi Arabia,Rural and Agribusiness,Select,,Better Career Prospects,No,No,No,No,No,No,No,No,in touch with EINS,High in Relevance,No,No,Other Leads,Thane & Outskirts,01.High,01.High,15,18,No,Yes,Email Link Clicked,0.004415038,0
01b7697e-243d-4887-9ea9-284540fd8513,659986,API,Welingak Website,No,No,0,13,1096,8.19,Converted to Lead,UAE,Human Resource Management,Reference,Unemployed,Flexibility & Convenience,No,No,No,No,No,No,No,No,Already a student,Low in Relevance,No,No,Potential Lead,,01.High,,18,15,No,No,Page Visited on Website,0.7049182,1
b732c1b8-90d6-4c59-895f-7485913a9f0e,659985,Landing Page Submission,Reference,No,No,1,12,846,12.0,Olark Chat Conversation,Saudi Arabia,Select,Multiple Sources,Student,,No,No,No,No,No,No,No,No,Diploma holder (Not Eligible),Might be,No,No,Dual Specialization Student,Other Metro Cities,01.High,02.Medium,18,14,No,No,Olark Chat Conversation,0.00021076707,0
4c559ba4-defa-4bc7-994e-e459e78a8de1,659984,Lead Add Form,YouTube,No,No,1,8,1560,4.05,Page Visited on Website,Singapore,Select,Select,,Better Career Prospects,No,No,No,No,No,No,No,No,Interested in other courses,High in Relevance,No,No,Other Leads,Mumbai,02.Medium,02.Medium,16,13,No,Yes,Page Visited on Website,0.19242756,0
0c23c317-d383-47a4-9a9f-3e58aab95c06,659983,Landing Page Submission,Direct Traffic,No,No,1,14,849,6.27,SMS Sent,United States,Hospitality Management,Other,Unemployed,Affordable Fees,No,No,No,No,No,No,No,No,Busy,,No,No,Select,,02.Medium,02.Medium,16,15,No,No,Olark Chat Conversation,0.63746136,1
7439a67c-299e-4dd6-a10f-7adeee0906ff,659982,Landing Page Submission,Google,No,No,0,3,384,3.0,SMS Sent,Singapore,Select,Online Search,Other,,No,No,No,No,No,No,No,No,,High in Relevance,No,No,Dual Specialization Student,Thane & Outskirts,01.High,02.Medium,18,13,No,Yes,Email Opened,0.14288747,0
9882a639-1340-4efb-a0ea-bafb391bdb70,659981,Landing Page Submission,Reference,No,No,1,15,130,15.0,Olark Chat Conversation,Qatar,International Business,Other,Working Professional,Flexibility & Convenience,No,No,No,No,No,No,No,No,Interested in other courses,,No,No,,Mumbai,01.High,01.High,16,17,No,Yes,Page Visited on Website,0.0023443599,0
b47d2b55-8228-47b7-9c5a-b529ce5f8243,659980,Lead Add Form,Direct Traffic,No,No,0,2,1381,2.0,Page Visited on Website,Kuwait,Supply Chain Management,Reference,Businessman,Quality Education,No,No,No,No,No,No,No,No,Will revert after reading the email,Not Sure,No,No,Other Leads,Other Cities,02.Medium,01.High,14,17,No,No,Page Visited on Website,0.994584,1
65105cd9-24dd-451a-8595-c0ba83c8f2ce,659979,Quick Add Form,Email,No,No,0,14,1525,14.0,Page Visited on Website,United States,Human Resource Management,Word Of Mouth,,,No,No,No,No,No,No,No,No,Diploma holder (Not Eligible),Not Sure,No,No,Dual Specialization Student,Other Metro Cities,,,14,15,No,No,Page Visited on Website,0.62202036,1
95844e17-e967-4b33-a002-252f8b923f62,659978,Landing Page Submission,Facebook,Yes,No,0,11,321,11.0,Olark Chat Conversation,,Services Excellence,Student of SomeSchool,Unemployed,,No,No,No,No,No,No,No,No,number not provided,Not Sure,No,No,,,03.Low,02.Medium,11,15,No,No,Page Visited on Website,0.00017600802,0
8c58fb91-905e-4b01-992e-6884c918611a,659977,Lead Import,Welingak Website,No,No,0,5,701,5.0,Form Submitted on Website,Oman,Supply Chain Management,Other,Unemployed,Flexibility & Convenience,No,No,No,No,No,No,No,No,Graduation in progress,,No,No,Dual Specialization Student,,01.High,02.Medium,16,12,No,No,Email Opened,0.9055128,1
787f8fbc-291f-41d7-ae29-8a277b0029c8,659976,Quick Add Form,Olark Chat,No,No,1,10,90,10.0,Email Bounced,India,Services Excellence,Reference,Other,Affordable Fees,No,No,No,No,No,No,No,No,switched off,Worst,No,No,Lateral Student,Thane & Outskirts,02.Medium,02.Medium,13,14,No,No,Page Visited on Website,0.00021079661,0
d181439a-f789-4043-a1d2-0cf0f4be458f,659975,Landing Page Submission,YouTube,No,No,0,5,321,5.0,Unreachable,United Kingdom,Select,Multiple Sources,Student,Quality Education,No,No,No,No,No,No,No,No,Diploma holder (Not Eligible),High in Relevance,No,No,,Other Metro Cities,02.Medium,02.Medium,15,12,No,No,Unreachable,0.0041316603,0
a01210ea-f11a-4b43-afe2-ad0b28eee9a5,659974,Quick Add Form,Reference,No,No,0,9,1200,9.0,View in browser link Clicked,Singapore,Operations Management,Multiple Sources,Other,,No,No,No,No,No,No,No,No,switched off,Worst,No,No,Other Leads,,01.High,03.Low,18,13,No,No,Olark Chat Conversation,0.0006266721,0
e35527dc-46f8-4d9f-92c0-444a668cb3c8,659973,Landing Page Submission,Referral Sites,No,No,1,3,1464,3.0,Form Submitted on Website,United States,Hospitality Management,Multiple Sources,Unemployed,Flexibility & Convenience,No,No,No,No,No,No,No,No,Closed by Horizzon,Not Sure,No,No,Dual Specialization Student,Mumbai,02.Medium,02.Medium,15,14,No,No,Email Opened,0.9980889,1
76ec1c40-1fc0-4604-8c7b-9f8baf05d36b,659972,Landing Page Submission,Organic Search,No,No,0,1,28,1.0,Olark Chat Conversation,Oman,Rural and Agribusiness,Multiple Sources,Student,Affordable Fees,No,No,No,No,No,No,No,No,in touch with EINS,Might be,No,No,,,03.Low,02.Medium,11,15,No,Yes,Modified,0.0038181415,0
3df30aa9-03d3-4804-88fc-fab763cf949c,659971,API,Organic Search,No,No,0,16,487,8.3,SMS Sent,,Operations Management,Multiple Sources,Working Professional,,No,No,No,No,No,No,No,No,Already a student,,No,No,Dual Specialization Student,,02.Medium,02.Medium,14,12,No,Yes,Page Visited on Website,0.048873734,0
758edc04-5646-4b85-9aa1-a74de4a60730,659970,Lead Import,Welingak Website,No,No,0,11,1523,11.0,Page Visited on Website,Oman,Hospitality Management,Reference,Working Professional,Quality Education,No,No,No,No,No,No,No,No,in touch with EINS,Worst,No,No,Lateral Student,Thane & Outskirts,02.Medium,03.Low,16,13,No,No,Page Visited on Website,0.99153465,1
4fcd1e3f-2467-47eb-9c7f-8053c034ade5,659969,Quick Add Form,Welingak Website,No,No,0,15,21,15.0,Page Visited on Website,UAE,Business Administration,Multiple Sources,Unemployed,Quality Education,No,No,No,No,No,No,No,No,switched off,Low in Relevance,No,No,,Mumbai,02.Medium,02.Medium,13,16,No,No,Page Visited on Website,0.0101138335,0
04e6c48e-f82f-4183-a73a-5ece573c5125,659968,Landing Page Submission,Google,No,No,1,1,1777,1.0,View in browser link Clicked,Kuwait,Human Resource Management,Student of SomeSchool,Businessman,Better Career Prospects,No,No,No,No,No,No,No,No,switched off,High in Relevance,No,No,,,02.Medium,02.Medium,12,14,No,No,Unreachable,0.13675258,0
0e181ad3-5be3-4ab7-880c-fe704980bc53,659967,API,Direct Traffic,No,No,0,5,1737,5.0,Unsubscribed,Qatar,Select,Select,Unemployed,,No,No,No,No,No,No,No,No,Interested in other courses,,No,No,Dual Specialization Student,Other Cities of Maharashtra,01.High,02.Medium,15,15,No,No,Unsubscribed,0.8506798,1
30db14f3-b28d-4be7-a8a8-6bec5051c0ef,659966,Landing Page Submission,Reference,No,No,1,5,1434,5.0,Olark Chat Conversation,Qatar,Supply Chain Management,Online Search,,Flexibility & Convenience,No,No,No,No,No,No,No,No,Busy,Not Sure,No,No,Dual Specialization Student,Thane & Outskirts,03.Low,02.Medium,11,15,No,No,Unreachable,0.8577408,1
b1f83621-7c05-4525-913b-9bbd7da0d19b,659965,API,Google,Yes,No,1,10,875,10.0,Unsubscribed,Singapore,Finance Management,Other,Businessman,Quality Education,No,No,No,No,No,No,No,No,Will revert after reading the email,Might be,No,No,Lateral Student,Other Metro Cities,02.Medium,01.High,13,18,No,No,Unsubscribed,0.99920577,1
539d6347-5b46-4264-9553-9fa55fac05fc,659964,API,Welingak Website,No,No,0,13,722,5.11,Olark Chat Conversation,United States,Business Administration,Other,Student,Better Career Prospects,No,No,No,No,No,No,No,No,Interested in other courses,Low in Relevance,No,No,Lateral Student,Other Cities,02.Medium,02.Medium,15,15,No,No,Unreachable,0.8801722,1
3fa2ba23-fb9f-4391-90ed-6d8a5f395ad1,659963,Landing Page Submission,Referral Sites,No,No,0,3,1458,3.0,Email Opened,Bahrain,Select,Student of SomeSchool,Other,Affordable Fees,No,No,No,No,No,No,No,No,Will revert after reading the email,Low in Relevance,No,No,,Thane & Outskirts,01.High,02.Medium,16,14,No,No,Email Opened,0.95680404,1
d8fc9726-2242-449c-9831-7d889bfd7912,659962,Quick Add Form,Reference,No,No,0,5,303,5.0,Converted to Lead,,Marketing Management,Word Of Mouth,Unemployed,Flexibility & Convenience,No,No,No,No,No,No,No,No,opp hangup,Might be,No,No,Potential Lead,Other Cities,02.Medium,02.Medium,14,16,No,No,Modified,0.16635713,0
113d59fc-e6fe-4df1-a0a3-30a8d50ef21d,659961,Lead Add Form,Email,No,No,0,9,1615,9.0,Had a Phone Conversation,Saudi Arabia,Marketing Management,Select,Working Professional,Quality Education,No,No,No,No,No,No,No,No,Diploma holder (Not Eligible),,No,No,Select,Mumbai,02.Medium,02.Medium,15,12,No,No,Unreachable,0.3395088,0
2285d518-4c93-4ec0-9a92-9eb2a99f63cb,659960,API,YouTube,No,No,1,14,1516,14.0,Modified,Saudi Arabia,Retail Management,Multiple Sources,,Flexibility & Convenience,No,No,No,No,No,No,No,No,Ringing,Worst,No,No,Potential Lead,Other Cities,02.Medium,02.Medium,16,15,No,Yes,Modified,0.0034124332,0
f82a4f8f-0b67-4bd1-85eb-2f07798ae020,659959,API,Referral Sites,No,No,0,1,484,1.0,Form Submitted on Website,Bahrain,Operations Management,Student of SomeSchool,Student,Flexibility & Convenience,No,No,No,No,No,No,No,No,Already a student,,No,No,Potential Lead,Other Metro Cities,02.Medium,01.High,15,18,No,No,Unreachable,0.011060445,0
5e00f253-0ce1-4915-9b58-e2425fc25dd1,659958,Lead Import,Olark Chat,Yes,Yes,0,16,1122,8.16,Olark Chat Conversation,UAE,"Banking, Investment And Insurance",Other,Other,,No,No,No,No,No,No,No,No,opp hangup,High in Relevance,No,No,,Other Cities,02.Medium,03.Low,13,13,No,No,Page Visited on Website,0.017244047,0
7208f61d-69c4-4a20-b9db-3078fa8eec10,659957,Lead Import,Direct Traffic,No,No,1,9,1742,9.0,Email Link Clicked,Qatar,Rural and Agribusiness,Online Search,Other,Quality Education,No,No,No,No,No,No,No,No,Lost to EINS,Worst,No,No,Select,Mumbai,02.Medium,02.Medium,15,16,No,No,Email Link Clicked,0.9950714,1
957b34af-ffe5-44d4-90c6-c67b45881536,659956,Lead Add Form,Reference,Yes,No,1,11,1692,11.0,Olark Chat Conversation,Oman,International Business,Reference,Businessman,,No,No,No,No,No,No,No,No,Diploma holder (Not Eligible),,No,No,Lateral Student,Other Cities,,,16,12,No,No,Email Opened,0.3490779,0
7fc27585-c458-4166-b8b1-9bee26259972,659955,Lead Add Form,Facebook,No,No,0,0,0,0.0,SMS Sent,United States,"Banking, Investment And Insurance",Word Of Mouth,Working Professional,,No,No,No,No,No,No,No,No,Diploma holder (Not Eligible),Not Sure,No,No,,,01.High,02.Medium,17,16,No,No,Email Opened,0.10118013,0
fbb2b64a-81cd-4f49-84d5-c690fdd3f89a,659954,API,Organic Search,No,No,1,6,1214,4.69,Modified,UAE,Rural and Agribusiness,Word Of Mouth,Businessman,Affordable Fees,No,No,No,No,No,No,No,No,Interested in other courses,High in Relevance,No,No,Other Leads,,01.High,02.Medium,16,16,No,No,Modified,0.21072304,0
90bfc8f1-eb3a-4482-be2f-587579ff1679,659953,Lead Add Form,YouTube,No,No,0,1,998,1.0,SMS Sent,Saudi Arabia,Human Resource Management,Other,Student,Quality Education,No,No,No,No,No,No,No,No,Closed by Horizzon,High in Relevance,No,No,Lateral Student,,02.Medium,02.Medium,13,13,No,No,Unreachable,0.99380964,1
c662bf60-f67f-42f6-940e-0b4192299b54,659952,Quick Add Form,Organic Search,No,No,0,7,277,7.0,Email Opened,Singapore,Hospitality Management,Select,,Affordable Fees,No,No,No,No,No,No,No,No,,High in Relevance,No,No,Lateral Student,Mumbai,02.Medium,02.Medium,13,16,No,No,Email Opened,0.09749619,0
48d322ce-446a-4bae-88f8-32c045bbde40,659951,Quick Add Form,YouTube,No,No,0,7,506,7.0,View in browser link Clicked,United States,International Business,Word Of Mouth,,Better Career Prospects,No,No,No,No,No,No,No,No,opp hangup,,No,No,Other Leads,Other Cities,02.Medium,01.High,16,18,No,No,Unreachable,0.5688966,1
be6a2ef6-3ae4-417e-b624-2b71e84e3a0e,659950,API,Reference,No,No,1,10,621,10.0,Email Opened,United Kingdom,"Banking, Investment And Insurance",Student of SomeSchool,,Quality Education,No,No,No,No,No,No,No,No,number not provided,Not Sure,No,No,Select,Other Metro Cities,01.High,02.Medium,15,15,No,No,Email Opened,0.047551483,0
57228ef8-4f7d-48cd-bc80-60e74e89c1f4,659949,Quick Add Form,Email,No,No,0,5,786,5.0,Had a Phone Conversation,UAE,Finance Management,Online Search,,Quality Education,No,No,No,No,No,No,No,No,opp hangup,Not Sure,No,No,Other Leads,Other Cities,02.Medium,03.Low,16,11,No,No,Unreachable,0.46250394,0
2a2af124-5259-4151-9321-f1fd97d7a1dc,659948,Lead Import,Olark Chat,No,No,1,14,176,7.02,Unreachable,Bahrain,Media and Advertising,Multiple Sources,Student,Better Career Prospects,No,No,No,No,No,No,No,No,Diploma holder (Not Eligible),Worst,No,No,,Other Metro Cities,01.High,03.Low,18,12,No,No,Unreachable,0.0020832622,0
07a93059-3ed6-4b20-8ea0-d8fb9f8f0685,659947,Landing Page Submission,Google,No,No,0,4,1768,4.0,View in browser link Clicked,Bahrain,Services Excellence,Email,Other,Flexibility & Convenience,No,No,No,No,No,No,No,No,Ringing,Not Sure,No,No,Select,,02.Medium,02.Medium,12,12,No,No,Page Visited on Website,0.0542458,0
ecc9dfa7-b7e6-4e3f-bd2c-398f09689b4d,659946,Lead Add Form,Google,No,No,0,13,849,13.0,Email Bounced,UAE,Media and Advertising,Other,Working Professional,,No,No,No,No,No,No,No,No,Already a student,,No,No,,Mumbai,03.Low,02.Medium,9,16,No,No,Unreachable,0.088045314,0
44a481f5-843c-4e3f-840f-3ad8b88b750a,659945,Landing Page Submission,Email,No,No,0,16,455,16.0,Email Link Clicked,Oman,Hospitality Management,Online Search,Businessman,,No,No,No,No,No,No,No,No,Diploma holder (Not Eligible),Low in Relevance,No,No,Select,,02.Medium,01.High,13,15,No,No,Email Link Clicked,0.003709543,0
9a213ce5-6153-4d52-9749-aa77ae6df103,659944,Lead Import,Welingak Website,No,Yes,0,13,144,13.0,Converted to Lead,Oman,Retail Management,Other,Other,Affordable Fees,No,No,No,No,No,No,No,No,Closed by Horizzon,Not Sure,No,No,Potential Lead,Other Metro Cities,01.High,03.Low,17,9,No,No,Page Visited on Website,0.9939475,1
5061c704-2750-4d61-a405-066ea656fbb1,659943,Quick Add Form,Reference,No,No,1,14,980,14.0,Had a Phone Conversation,,Select,Other,Businessman,Better Career Prospects,No,No,No,No,No,No,No,No,,Might be,No,No,Lateral Student,Thane & Outskirts,02.Medium,02.Medium,12,14,No,No,Unreachable,0.9829481,1
8fc55b3b-f88a-4ad2-850d-b9d3896b645b,659942,Landing Page Submission,Olark Chat,No,No,0,13,1444,13.0,Modified,United Kingdom,Operations Management,Email,Other,,No,No,No,No,No,No,No,No,Interested in other courses,Worst,No,No,Select,Other Cities of Maharashtra,03.Low,02.Medium,12,14,No,No,Modified,0.037047517,0
44000167-ced4-47fd-9478-f0d7bffaafd8,659941,Lead Import,Organic Search,No,No,0,1,1189,1.0,Email Opened,India,Select,Other,Businessman,Affordable Fees,No,No,No,No,No,No,No,No,Diploma holder (Not Eligible),,No,No,Potential Lead,Other Cities of Maharashtra,02.Medium,02.Medium,16,14,Yes,No,Email Opened,0.10085028,0
877f454e-47ef-4014-ac6a-e564395d9608,659940,Landing Page Submission,Reference,No,Yes,0,8,1423,8.0,Modified,,Select,Select,Businessman,Flexibility & Convenience,No,No,No,No,No,No,No,No,in touch with EINS,High in Relevance,Yes,No,Dual Specialization Student,,01.High,02.Medium,16,13,No,Yes,Modified,0.29928917,0
6b56361b-e0df-4a2c-9ffa-fbface23d7ba,659939,Landing Page Submission,Welingak Website,No,Yes,0,15,1996,15.0,Converted to Lead,Saudi Arabia,Operations Management,Other,Student,Quality Education,No,No,No,No,No,No,No,No,Diploma holder (Not Eligible),Low in Relevance,No,No,,Thane & Outskirts,02.Medium,03.Low,12,13,No,Yes,Email Opened,0.1258796,0
d5675265-e57c-417d-9923-6f77580c7f03,659938,Quick Add Form,Organic Search,No,No,0,2,814,2.0,View in browser link Clicked,Kuwait,Hospitality Management,Email,Student,Affordable Fees,No,No,No,No,No,No,No,No,Will revert after reading the email,Low in Relevance,No,No,Dual Specialization Student,,02.Medium,03.Low,15,9,No,No,Page Visited on Website,0.9866182,1
dd07b877-6232-4289-af53-bcc5625205b5,659937,API,Reference,No,No,0,11,462,11.0,SMS Sent,United States,E-COMMERCE,Multiple Sources,Businessman,Quality Education,No,No,No,No,No,No,No,No,Lost to EINS,,No,No,Dual Specialization Student,,02.Medium,01.High,15,17,No,No,Modified,0.99353164,1
255c0f10-9c6b-4916-bd4c-99406c5b9578,659936,Lead Import,Facebook,No,No,0,10,616,10.0,Olark Chat Conversation,Bahrain,"Banking, Investment And Insurance",Multiple Sources,Student,Quality Education,No,No,No,No,No,No,No,No,Closed by Horizzon,Might be,No,No,,,02.Medium,,12,16,No,Yes,Unreachable,0.8269794,1
eecae359-7993-46d9-b822-5c9509584b9a,659935,Lead Add Form,YouTube,No,No,1,10,1239,10.0,Had a Phone Conversation,Qatar,Hospitality Management,Student of SomeSchool,,Affordable Fees,No,No,No,No,No,No,No,No,switched off,Worst,No,No,,Other Cities,03.Low,02.Medium,11,12,No,Yes,Email Opened,0.021667862,0
e86adb2a-4a4c-498a-baf6-48173e44a0bd,659934,API,Email,No,No,1,14,824,14.0,Olark Chat Conversation,,International Business,Reference,,Better Career Prospects,No,No,No,No,No,No,No,No,Diploma holder (Not Eligible),High in Relevance,No,No,Dual Specialization Student,,01.High,02.Medium,15,12,No,No,Email Opened,0.056447007,0
63d0e423-7dc3-446e-8ffa-5486cf808ff8,659933,Lead Add Form,Welingak Website,No,No,0,16,1607,16.0,Had a Phone Conversation,UAE,IT Projects Management,Other,,Affordable Fees,No,No,No,No,No,No,No,No,Already a student,Low in Relevance,No,No,Select,,02.Medium,03.Low,15,9,No,No,Modified,0.5034297,1
9c62a2fc-506c-4314-a96b-60ca78cbd5d8,659932,Lead Add Form,Organic Search,Yes,No,1,12,1312,1.07,Modified,UAE,Human Resource Management,Multiple Sources,Unemployed,Affordable Fees,No,No,No,No,No,No,No,No,Will revert after reading the email,,No,No,Lateral Student,Other Cities,01.High,01.High,17,15,No,No,Modified,0.99047244,1
ac8d826f-b406-42be-96b8-8bcc06c746e0,659931,API,Referral Sites,No,No,1,5,1053,5.0,Page Visited on Website,,Healthcare Management,Select,Working Professional,,No,No,No,No,No,No,No,No,number not provided,,No,No,Lateral Student,,02.Medium,03.Low,16,11,No,No,Page Visited on Website,0.15535289,0
3df3e050-ddd7-4161-8a31-83c9b6e5f47a,659930,Quick Add Form,Referral Sites,No,No,1,6,1599,6.0,Email Opened,Qatar,IT Projects Management,Email,,Flexibility & Convenience,No,No,No,No,No,No,No,No,switched off,High in Relevance,No,No,Other Leads,Other Metro Cities,03.Low,,10,11,No,No,Email Opened,0.100110814,0
29967bfe-cb6f-41e6-aa15-824462b37bec,659929,Lead Add Form,Email,Yes,No,1,17,1572,3.85,Unsubscribed,United Kingdom,International Business,Student of SomeSchool,Businessman,Affordable Fees,No,No,No,No,No,No,No,No,in touch with EINS,Might be,No,No,Dual Specialization Student,Other Metro Cities,01.High,02.Medium,18,13,No,Yes,Unsubscribed,0.99673575,1
fc87f39f-31fd-4345-b2e9-11b8f7b1e867,659928,Lead Import,Email,No,No,0,17,203,17.0,Modified,UAE,Media and Advertising,Word Of Mouth,Unemployed,,No,No,No,No,No,No,No,No,Busy,,No,No,Other Leads,Thane & Outskirts,02.Medium,02.Medium,12,16,No,No,Modified,0.1530643,0
10945422-9b51-4a2a-b403-765957f3da26,659927,API,Google,Yes,No,0,15,610,15.0,Olark Chat Conversation,India,Select,Reference,Unemployed,Better Career Prospects,No,No,No,No,No,No,No,No,Diploma holder (Not Eligible),Worst,No,No,Lateral Student,Mumbai,02.Medium,01.High,12,17,No,Yes,Unreachable,0.029122924,0
09a8db9c-b786-4ca6-8cca-cd600662799a,659926,Lead Add Form,Reference,No,No,0,3,64,3.0,Email Opened,Oman,Retail Management,Select,Unemployed,,No,No,No,No,No,No,No,No,Busy,Worst,No,No,Select,Thane & Outskirts,02.Medium,01.High,15,18,No,Yes,Email Opened,0.06261779,0
56e6c49e-647c-4f77-8b83-9fd73c7f6300,659925,Lead Import,Organic Search,No,No,0,12,1463,12.0,Email Opened,United States,Retail Management,Other,Unemployed,Better Career Prospects,No,No,No,No,No,No,No,No,Graduation in progress,High in Relevance,No,No,Dual Specialization Student,,,01.High,10,16,No,No,Email Opened,0.50616837,1
d2a50355-dc5f-4fd2-b00f-71a67d437072,659924,Lead Import,Olark Chat,No,No,1,4,1564,4.0,Email Link Clicked,Singapore,Business Administration,Other,Student,Flexibility & Convenience,No,No,No,No,No,No,No,No,Busy,Low in Relevance,No,No,Lateral Student,Other Cities of Maharashtra,01.High,02.Medium,16,16,No,No,Email Link Clicked,0.49081054,0
2c9afa19-1a06-41a5-9d59-fd9daa36f575,659923,Quick Add Form,Email,No,No,0,2,817,2.0,Modified,India,Finance Management,Reference,Businessman,Better Career Prospects,No,No,No,No,No,No,No,No,number not provided,,No,No,Lateral Student,,01.High,02.Medium,17,15,No,No,Modified,0.17174496,0
64d144de-14af-43e7-a7c8-71f4ca5e2f95,659922,Lead Import,Referral Sites,No,Yes,0,11,1518,5.3,Page Visited on Website,United Kingdom,E-COMMERCE,Reference,Student,Better Career Prospects,No,No,No,No,No,No,No,No,Busy,,No,No,Other Leads,Other Cities of Maharashtra,,02.Medium,13,14,No,Yes,Page Visited on Website,0.9920562,1
6f04c53a-bc4c-4946-a7c4-5f4cd17e377a,659921,Quick Add Form,Direct Traffic,No,No,0,13,1575,13.0,Converted to Lead,United Kingdom,E-COMMERCE,Email,Other,Affordable Fees,No,No,No,No,No,No,No,No,Will revert after reading the email,,No,No,Other Leads,Mumbai,02.Medium,02.Medium,16,16,No,No,Page Visited on Website,0.9996598,1
cb1a8dd5-0f93-43ec-a3e3-f867edeb449c,659920,API,Reference,No,No,0,13,859,13.0,Unsubscribed,India,Human Resource Management,Multiple Sources,Other,Better Career Prospects,No,No,No,No,No,No,No,No,Lost to EINS,Low in Relevance,No,No,Potential Lead,Thane & Outskirts,02.Medium,02.Medium,14,15,No,No,Unsubscribed,0.9958248,1
fd4b6a1f-e23a-4b5c-8ed9-74df789abefc,659919,Landing Page Submission,YouTube,No,Yes,0,11,703,11.0,Page Visited on Website,Saudi Arabia,IT Projects Management,Online Search,Businessman,Quality Education,No,No,No,No,No,No,No,No,Lost to EINS,,No,No,Select,Thane & Outskirts,02.Medium,01.High,14,18,No,No,Page Visited on Website,0.8552245,1
506ce607-9278-4eb1-ad6a-46b735e4204d,659918,Lead Add Form,Reference,No,No,0,1,653,5.44,Modified,Oman,Media and Advertising,Reference,,,No,No,No,No,No,No,No,No,,Low in Relevance,No,No,Lateral Student,,,02.Medium,12,16,No,No,Modified,0.2612854,0
812a7897-87f3-41fd-ab64-1b9b6f3a2a3c,659917,API,Direct Traffic,No,No,0,0,0,0.0,Olark Chat Conversation,Bahrain,Rural and Agribusiness,Other,Student,Flexibility & Convenience,No,No,No,No,No,No,No,No,opp hangup,High in Relevance,No,No,Dual Specialization Student,Other Cities,02.Medium,02.Medium,12,12,No,Yes,Olark Chat Conversation,0.0027202738,0
2498000e-39c9-4e67-85e4-6a243b5f48e8,659916,Landing Page Submission,Olark Chat,No,No,1,17,1278,17.0,Email Opened,Oman,Select,Other,Working Professional,Affordable Fees,No,No,No,No,No,No,No,No,opp hangup,Low in Relevance,No,No,Dual Specialization Student,,02.Medium,01.High,13,17,No,No,Email Opened,0.7147487,1
b399df0d-9890-4be8-854b-8caeacd5d2b9,659915,Lead Add Form,Olark Chat,Yes,No,1,4,977,8.1,Email Opened,,IT Projects Management,Online Search,Businessman,Flexibility & Convenience,No,No,No,No,No,No,No,No,number not provided,Not Sure,No,No,Lateral Student,Other Cities of Maharashtra,02.Medium,02.Medium,14,13,No,No,Email Opened,0.07046223,0
2e6626fe-9418-4e20-a7ea-d561208f9e1d,659914,Lead Add Form,Organic Search,No,No,0,9,1536,9.0,Unreachable,Singapore,Hospitality Management,Reference,Other,,No,No,No,No,No,No,No,No,Diploma holder (Not Eligible),Might be,No,No,Lateral Student,Thane & Outskirts,02.Medium,01.High,14,16,No,No,Unreachable,0.22058362,0
08844179-af52-4994-8510-97cee64feef7,659913,API,Facebook,Yes,No,0,3,1272,3.0,Email Link Clicked,United States,Supply Chain Management,Student of SomeSchool,Other,Flexibility & Convenience,No,No,No,No,No,No,No,No,Graduation in progress,Might be,No,No,Other Leads,Other Cities of Maharashtra,02.Medium,02.Medium,13,14,No,No,Email Link Clicked,0.12728411,0
2dd0ffdf-8b8e-4574-893f-494eef32cb63,659912,Quick Add Form,YouTube,No,No,0,3,1716,3.0,SMS Sent,United States,Finance Management,Word Of Mouth,Other,Affordable Fees,No,No,No,No,No,No,No,No,switched off,Might be,No,No,,Other Cities of Maharashtra,02.Medium,02.Medium,13,15,No,Yes,Modified,0.5397452,1
e6dab6e6-60e2-453a-b994-8f9e62558fe5,659911,Lead Add Form,Direct Traffic,No,No,0,4,1258,4.0,View in browser link Clicked,United States,Services Excellence,Word Of Mouth,,Flexibility & Convenience,No,No,No,No,No,No,No,No,Graduation in progress,High in Relevance,No,No,Other Leads,Other Cities of Maharashtra,02.Medium,01.High,13,17,No,No,Email Opened,0.39479363,0
0b3425a2-11f4-4b2c-9b99-7fd24a9ce1a4,659910,Quick Add Form,Direct Traffic,No,No,0,11,273,11.0,Had a Phone Conversation,United Kingdom,"Banking, Investment And Insurance",Online Search,Unemployed,,No,No,No,No,No,No,No,No,Interested in other courses,High in Relevance,No,No,Lateral Student,,02.Medium,03.Low,16,13,No,No,Unreachable,0.040768772,0
3dc2105f-b34c-4993-b7e6-c936b71fb5a2,659909,API,Facebook,No,Yes,0,9,622,9.0,Converted to Lead,Bahrain,Marketing Management,Select,Businessman,Affordable Fees,No,No,No,No,No,No,No,No,Will revert after reading the email,Might be,No,No,Potential Lead,,02.Medium,02.Medium,12,14,No,No,Modified,0.97494555,1
28cd36c5-4e54-458d-bb07-b70622cc1cad,659908,Landing Page Submission,Referral Sites,No,No,0,17,1583,17.0,Email Opened,United States,Healthcare Management,Select,Other,Flexibility & Convenience,No,No,No,No,No,No,No,No,Ringing,Might be,No,No,Potential Lead,,02.Medium,01.High,16,16,No,No,Email Opened,0.21447754,0
6cc67e53-718c-497d-ac02-63cb7604ca50,659907,Quick Add Form,Reference,No,No,0,5,1411,8.07,View in browser link Clicked,Oman,Supply Chain Management,Online Search,Other,Better Career Prospects,No,No,No,No,No,No,No,No,switched off,Worst,No,No,Lateral Student,Select,01.High,01.High,16,15,No,No,Page Visited on Website,0.10738463,0
535a584e-aa1b-4481-8384-a05aa4dce38a,659906,Landing Page Submission,Olark Chat,No,No,0,14,238,14.0,SMS Sent,Qatar,Marketing Management,Other,Businessman,Flexibility & Convenience,No,No,No,No,No,No,No,No,opp hangup,High in Relevance,Yes,No,Potential Lead,,01.High,01.High,15,17,No,No,Olark Chat Conversation,0.09512504,0
7469d273-399f-4e9e-9397-0835e87cc578,659905,API,Welingak Website,No,No,1,12,832,12.0,View in browser link Clicked,Oman,E-COMMERCE,Email,Working Professional,Affordable Fees,No,No,No,No,No,No,No,No,number not provided,Low in Relevance,No,No,Dual Specialization Student,Other Cities,02.Medium,02.Medium,16,15,No,No,Page Visited on Website,0.9852013,1
d95369bc-4315-4fd5-a179-c2b12a24e7ab,659904,Lead Import,Organic Search,No,No,1,9,769,9.0,Unsubscribed,Singapore,International Business,Email,,,No,No,No,No,No,No,No,No,,,No,No,Select,,02.Medium,03.Low,16,11,No,No,Unsubscribed,0.38813558,0
3366299d-6651-48f3-810a-1d25cb49c816,659903,Lead Import,YouTube,No,No,0,14,602,14.0,Modified,Singapore,Select,Reference,Working Professional,Better Career Prospects,No,No,No,No,No,No,No,No,Interested in other courses,Worst,No,No,Select,Other Cities of Maharashtra,03.Low,01.High,13,16,No,No,Modified,0.012055971,0
01860136-8500-4743-a360-8147a3745056,659902,Lead Import,Referral Sites,No,No,0,5,36,5.0,Unsubscribed,India,Marketing Management,Email,Other,,No,No,No,No,No,No,No,No,switched off,Might be,No,Yes,Other Leads,Other Cities,02.Medium,03.Low,15,12,No,Yes,Unsubscribed,0.0012823512,0
6b31b601-a2c4-45ed-9a46-8e6cb71bdd04,659901,Lead Add Form,Organic Search,No,No,1,1,1146,1.0,Unreachable,Singapore,Select,Select,Student,,No,No,No,No,No,No,No,No,Graduation in progress,,No,No,,,01.High,02.Medium,16,15,No,No,Unreachable,0.08786362,0
8c99ec9c-a144-42d7-8764-196fd9e1786b,659900,Quick Add Form,Referral Sites,No,No,0,7,1088,7.0,Form Submitted on Website,UAE,Rural and Agribusiness,Online Search,Businessman,Flexibility & Convenience,No,No,No,No,No,No,No,No,Ringing,,No,No,Lateral Student,Other Cities of Maharashtra,02.Medium,02.Medium,12,13,No,No,Page Visited on Website,0.15478759,0
92b57d23-ddeb-4be7-9f1d-fb3e52a078a2,659899,Landing Page Submission,Olark Chat,No,No,0,14,1737,14.0,Had a Phone Conversation,Saudi Arabia,Media and Advertising,Online Search,Businessman,Flexibility & Convenience,No,No,No,No,No,No,No,No,switched off,Not Sure,No,No,,,,01.High,10,15,No,Yes,Unreachable,0.013113518,0
5b9e32c5-f092-4e0f-816f-557b2f46b227,659898,API,Referral Sites,No,No,0,13,839,7.67,Email Bounced,Oman,E-COMMERCE,Online Search,Businessman,,No,No,No,No,No,No,No,No,Already a student,Not Sure,No,No,Potential Lead,Other Cities of Maharashtra,01.High,01.High,15,17,No,Yes,Page Visited on Website,0.4488333,0
0abc5dcb-c365-43fe-8129-1db60877f204,659897,Lead Import,YouTube,No,No,0,1,1706,5.58,Email Opened,UAE,Media and Advertising,Word Of Mouth,Other,Quality Education,No,No,No,No,No,No,No,No,Diploma holder (Not Eligible),Not Sure,No,No,Lateral Student,Other Cities of Maharashtra,01.High,01.High,16,18,No,Yes,Email Opened,0.6365957,1
338f868e-4ddc-48fb-a735-29d18d8160c1,659896,Quick Add Form,Google,No,No,0,16,1727,16.0,SMS Sent,Bahrain,Media and Advertising,Other,,Better Career Prospects,No,No,No,No,No,No,No,No,Will revert after reading the email,Worst,No,No,Potential Lead,Thane & Outskirts,02.Medium,,16,13,No,No,Olark Chat Conversation,0.9991549,1
97352698-22b2-4767-85c3-b05f6771ecf6,659895,API,Organic Search,No,No,1,14,933,4.08,Olark Chat Conversation,Singapore,IT Projects Management,Multiple Sources,Businessman,Flexibility & Convenience,No,No,No,No,No,No,No,No,Interested in other courses,Might be,No,No,Dual Specialization Student,,02.Medium,,14,16,No,Yes,Email Opened,0.0724514,0
b910c76e-da93-4d20-822a-1f1ca6961392,659894,Landing Page Submission,Olark Chat,No,No,0,12,954,8.08,SMS Sent,Bahrain,IT Projects Management,Other,Working Professional,Quality Education,No,No,No,No,No,No,No,No,,Worst,No,No,,Other Cities of Maharashtra,02.Medium,02.Medium,15,14,No,No,Page Visited on Website,0.9657866,1
7a4526b8-a92e-4e57-9ed9-b1d69049133e,659893,Lead Add Form,YouTube,No,No,0,9,1450,9.0,Form Submitted on Website,India,Select,Other,Businessman,,No,No,No,No,No,No,No,No,Ringing,Not Sure,Yes,No,Potential Lead,Mumbai,02.Medium,03.Low,14,12,No,No,Page Visited on Website,0.11159896,0
9a895e97-1025-4961-9749-ed1a3d9575d8,659892,Lead Add Form,Google,No,No,0,2,1545,2.0,Email Link Clicked,United States,"Banking, Investment And Insurance",Student of SomeSchool,Student,,No,No,No,No,No,No,No,No,Will revert after reading the email,Might be,No,No,Select,,03.Low,01.High,13,16,No,No,Email Link Clicked,0.97855115,1
c6515a1f-7411-41eb-bee6-4adce8e42990,659891,API,Google,No,No,0,3,635,3.0,Converted to Lead,Qatar,Media and Advertising,Reference,Other,Better Career Prospects,No,No,No,No,No,No,No,No,,,No,No,Other Leads,Other Cities,03.Low,01.High,9,16,No,No,Modified,0.40119547,0
0d49a408-c6fc-48c8-bb6e-676eadedfb0a,659890,Landing Page Submission,Direct Traffic,No,No,0,0,0,0.0,Email Bounced,,E-COMMERCE,Other,,Affordable Fees,No,No,No,No,No,No,No,No,in touch with EINS,Worst,No,No,,,03.Low,02.Medium,10,13,No,No,Email Opened,0.07147271,0
587d9e48-bc12-4d15-84f9-872704076f31,659889,API,Facebook,No,No,0,17,1555,17.0,Form Submitted on Website,,"Banking, Investment And Insurance",Select,,Flexibility & Convenience,No,No,No,No,No,No,No,No,Busy,,No,No,Select,Thane & Outskirts,01.High,01.High,18,17,No,Yes,Email Opened,0.51529646,1
adf38585-59bd-4383-ba1c-c4c4d76c7e3c,659888,Quick Add Form,Reference,No,No,0,2,1215,2.0,View in browser link Clicked,,Hospitality Management,Reference,Unemployed,Affordable Fees,No,No,No,No,No,No,No,No,Will revert after reading the email,Might be,No,No,Lateral Student,Other Cities of Maharashtra,02.Medium,02.Medium,12,15,No,No,Email Opened,0.99930704,1
52fffb0f-8051-49f7-b874-170a2d04d454,659887,Quick Add Form,Direct Traffic,No,No,0,9,1692,5.2,Form Submitted on Website,Oman,Rural and Agribusiness,Reference,Working Professional,,No,No,No,No,No,No,No,No,Graduation in progress,Might be,No,No,Dual Specialization Student,Other Metro Cities,,02.Medium,17,15,No,No,Page Visited on Website,0.9921623,1
fd5c47de-53e1-4495-a3ab-0ff0e604871c,659886,API,Reference,No,No,0,5,917,5.0,View in browser link Clicked,UAE,Supply Chain Management,Select,Other,Affordable Fees,No,No,No,No,No,No,No,No,,Worst,No,No,Select,,03.Low,01.High,13,15,No,No,Email Opened,0.5247238,1
dfb77671-4615-44e3-9cb9-6e2368c2ecee,659885,API,Direct Traffic,No,No,0,8,1217,8.0,Modified,Bahrain,Marketing Management,Select,,Flexibility & Convenience,No,No,No,No,No,No,No,No,opp hangup,High in Relevance,No,No,,,02.Medium,01.High,12,18,No,Yes,Modified,0.14291766,0
f1172b13-6156-4237-a262-7ff6af7656fe,659884,Lead Import,Direct Traffic,Yes,Yes,0,3,950,3.0,Olark Chat Conversation,India,Healthcare Management,Other,,,No,No,No,No,No,No,No,No,in touch with EINS,Not Sure,No,No,Dual Specialization Student,Other Cities,02.Medium,,15,12,No,No,Email Opened,0.013780841,0
e13cd636-39de-4d86-82f7-283f47451275,659883,Quick Add Form,Google,No,No,0,7,92,7.0,Page Visited on Website,UAE,Business Administration,Reference,,,No,No,No,No,No,No,No,No,Interested in other courses,Low in Relevance,No,No,Select,Other Cities,02.Medium,02.Medium,16,15,No,No,Page Visited on Website,0.005335947,0
bcc94ac4-2a14-488a-bd4f-111d52919c40,659882,API,Google,No,No,1,3,762,3.0,Unreachable,United Kingdom,Select,Student of SomeSchool,Unemployed,Flexibility & Convenience,No,No,No,No,No,No,No,No,,,No,No,Select,Thane & Outskirts,01.High,01.High,18,18,No,No,Unreachable,0.9029439,1
ae2f20bf-5bae-4b4a-9cae-c67525d638e1,659881,Landing Page Submission,Welingak Website,No,Yes,1,9,1078,9.0,Email Bounced,Bahrain,Business Administration,Multiple Sources,Businessman,Flexibility & Convenience,No,No,No,No,No,No,No,No,Will revert after reading the email,Worst,No,No,Other Leads,,02.Medium,01.High,16,16,No,No,Modified,0.9980616,1
4e69235f-28f3-4745-8f97-c308e4f664c7,659880,Lead Add Form,Direct Traffic,No,No,0,14,603,6.78,Modified,Saudi Arabia,Select,Word Of Mouth,Businessman,Quality Education,No,No,No,No,No,No,No,No,,Not Sure,No,No,Select,Mumbai,02.Medium,02.Medium,14,15,No,No,Modified,0.32638305,0
d191038d-b729-4b13-bffa-1520df02ab46,659879,Lead Import,Reference,No,No,0,8,1074,8.0,Form Submitted on Website,Qatar,Services Excellence,Other,,Better Career Prospects,No,No,No,No,No,No,No,No,Already a student,,No,No,Potential Lead,Other Cities,01.High,01.High,15,18,No,No,Page Visited on Website,0.011285275,0
35da89bb-2cd4-4d56-89da-91afbf13b848,659878,API,Facebook,No,No,0,4,593,4.0,Converted to Lead,Oman,Supply Chain Management,Reference,,Affordable Fees,No,No,No,No,No,No,No,No,,High in Relevance,No,No,,,01.High,03.Low,18,12,No,No,Unreachable,0.61352086,1
7ff31529-374c-4da8-ab15-4267cae9b334,659877,Landing Page Submission,Referral Sites,Yes,No,1,13,82,13.0,Modified,Saudi Arabia,Marketing Management,Reference,Other,Affordable Fees,No,No,No,No,No,No,No,No,in touch with EINS,High in Relevance,No,No,Select,Other Metro Cities,02.Medium,01.High,16,16,No,No,Modified,0.001004589,0
51ea00a1-af78-470f-af86-b1e59829bdb5,659876,Lead Add Form,Olark Chat,No,No,0,6,693,3.54,Email Link Clicked,Qatar,Supply Chain Management,Reference,Other,Better Career Prospects,No,No,No,No,No,No,No,No,Will revert after reading the email,Might be,No,No,,Thane & Outskirts,02.Medium,02.Medium,15,15,No,Yes,Email Link Clicked,0.95446026,1
a7811017-3c57-49cd-8380-b70c533130e9,659875,Lead Import,Reference,No,No,0,9,1216,9.0,SMS Sent,,Human Resource Management,Word Of Mouth,Working Professional,Affordable Fees,No,No,No,No,No,No,No,No,Already a student,,No,No,,Other Cities,03.Low,02.Medium,11,14,No,No,Olark Chat Conversation,0.20232803,0
67507daa-8fbf-42a0-8b01-f3c600c31129,659874,Landing Page Submission,Organic Search,No,No,0,0,0,0.0,Email Link Clicked,Bahrain,Services Excellence,Email,,Better Career Prospects,No,No,No,No,No,No,No,No,Interested in other courses,Might be,No,No,Select,Other Cities,02.Medium,02.Medium,16,16,No,No,Email Link Clicked,0.0021880819,0
f67f7780-f28b-452d-89e5-ba6faef17e3a,659873,Lead Import,Google,No,No,0,16,985,16.0,SMS Sent,United States,"Banking, Investment And Insurance",Student of SomeSchool,Other,Quality Education,No,No,No,No,No,No,No,No,switched off,High in Relevance,No,No,,Mumbai,02.Medium,02.Medium,13,13,No,Yes,Page Visited on Website,0.041050337,0
30d77d30-96aa-43a7-9f73-8295e4e95510,659872,API,Direct Traffic,No,No,0,17,862,17.0,Had a Phone Conversation,United States,Marketing Management,Student of SomeSchool,Businessman,Quality Education,No,No,No,No,No,No,No,No,Ringing,Low in Relevance,No,No,Dual Specialization Student,Other Cities,03.Low,02.Medium,13,16,No,Yes,Olark Chat Conversation,0.082511984,0
e0b7d067-eb64-4d8c-ae1f-fefab88b0b51,659871,API,Facebook,Yes,No,0,11,159,2.19,Unreachable,Singapore,Supply Chain Management,Other,Working Professional,,No,No,No,No,No,No,No,No,opp hangup,High in Relevance,No,No,,,02.Medium,01.High,15,17,No,Yes,Unreachable,0.008132478,0
b534d6ce-d75e-4465-881d-ca4e1c070f6f,659870,API,Welingak Website,No,No,0,7,555,7.0,Converted to Lead,United Kingdom,Rural and Agribusiness,Word Of Mouth,,Better Career Prospects,No,No,No,No,No,No,No,No,Diploma holder (Not Eligible),Low in Relevance,No,No,Other Leads,Select,03.Low,02.Medium,13,16,No,Yes,Unreachable,0.90281886,1
bb9f2fc8-59fb-4eef-82ab-6011e9ede31c,659869,Quick Add Form,Email,Yes,No,0,9,1328,8.07,Page Visited on Website,Kuwait,Human Resource Management,Word Of Mouth,,Better Career Prospects,No,No,No,No,No,No,No,No,Lost to EINS,,No,No,,,02.Medium,02.Medium,16,13,No,No,Page Visited on Website,0.9608619,1
64386164-1bc3-4b4e-9e5c-8c9fca0b49ee,659868,Lead Import,YouTube,No,No,0,9,447,4.87,Email Opened,United Kingdom,Human Resource Management,Select,,Better Career Prospects,No,No,No,No,No,No,No,No,Diploma holder (Not Eligible),High in Relevance,No,No,,Thane & Outskirts,02.Medium,02.Medium,14,12,No,Yes,Email Opened,0.027400216,0
043bf7b4-956f-4179-956c-ad90ef397818,659867,Lead Import,Direct Traffic,No,No,0,14,164,14.0,Had a Phone Conversation,United States,Rural and Agribusiness,Word Of Mouth,Businessman,Quality Education,No,No,No,No,No,No,No,No,Busy,High in Relevance,Yes,No,Other Leads,,02.Medium,01.High,16,16,No,No,Unreachable,0.77956367,1
b16ee0fe-dc8c-4aee-ad8a-f60999f2dcf8,659866,Quick Add Form,Organic Search,No,No,0,3,778,3.0,Converted to Lead,Bahrain,Business Administration,Other,Other,Affordable Fees,No,No,No,No,No,No,No,No,,Low in Relevance,No,No,Lateral Student,Other Cities of Maharashtra,,02.Medium,12,14,No,No,Unreachable,0.9379185,1
7a3ccb9d-656a-42ca-affd-54577e889cb7,659865,Landing Page Submission,Google,No,No,0,5,706,5.0,Form Submitted on Website,Saudi Arabia,Marketing Management,Multiple Sources,Unemployed,Flexibility & Convenience,No,No,No,No,No,No,No,No,,Not Sure,No,No,,Select,01.High,02.Medium,18,12,No,Yes,Page Visited on Website,0.047899004,0
a01d6cbe-91b9-4ec9-92b4-c93dd9d4f08e,659864,API,YouTube,No,No,0,4,992,4.0,SMS Sent,,Operations Management,Word Of Mouth,,Quality Education,No,No,No,No,No,No,No,No,in touch with EINS,Might be,No,No,Lateral Student,Mumbai,02.Medium,01.High,12,16,No,Yes,Modified,0.8677971,1
b4b637b3-b62f-4a4d-8e62-9487f1cc646e,659863,Lead Add Form,Organic Search,No,No,0,11,1407,11.0,Converted to Lead,Bahrain,Rural and Agribusiness,Word Of Mouth,Student,Quality Education,No,No,No,No,No,No,No,No,Graduation in progress,Not Sure,No,No,Select,Other Cities of Maharashtra,03.Low,02.Medium,10,16,No,No,Email Opened,0.697014,1
744203ed-3e16-4ce2-b437-9b5ea7ddc120,659862,Quick Add Form,Direct Traffic,No,No,1,13,184,13.0,Unsubscribed,Oman,Rural and Agribusiness,Online Search,Unemployed,Affordable Fees,No,No,No,No,No,No,No,No,,Low in Relevance,No,No,Lateral Student,Select,02.Medium,01.High,12,15,No,Yes,Unsubscribed,0.9880322,1
88f14e55-cc90-4681-adf6-22c630d7424b,659861,Quick Add Form,Email,No,No,0,15,495,15.0,Unsubscribed,Saudi Arabia,Marketing Management,Multiple Sources,Businessman,Quality Education,No,No,No,No,No,No,No,No,number not provided,Low in Relevance,No,No,Lateral Student,Other Cities of Maharashtra,02.Medium,01.High,15,18,No,No,Unsubscribed,0.08253105,0
d1693fdd-373e-4be7-b844-bc9e129e803d,659860,Lead Add Form,Referral Sites,No,No,0,1,1725,1.0,Email Link Clicked,Singapore,Select,Word Of Mouth,,Affordable Fees,No,No,No,No,No,No,No,No,switched off,Low in Relevance,No,No,Dual Specialization Student,Other Cities,02.Medium,02.Medium,14,13,No,No,Email Link Clicked,0.04769955,0
58fdd21a-afcc-4615-8cf0-ef204940daab,659859,API,Organic Search,No,No,0,9,916,9.0,Converted to Lead,India,International Business,Email,Working Professional,Better Career Prospects,No,No,No,No,No,No,No,No,switched off,High in Relevance,No,No,Other Leads,Select,01.High,,16,10,No,No,Modified,0.0032055,0
ae167263-e3ad-4f2a-8100-b1cdbbe1dd1a,659858,Lead Add Form,YouTube,No,No,0,11,1274,11.0,Unsubscribed,United States,Finance Management,Online Search,Unemployed,Flexibility & Convenience,No,No,No,No,No,No,No,No,Diploma holder (Not Eligible),,No,No,Select,Mumbai,01.High,01.High,15,15,No,No,Unsubscribed,0.80903625,1
313be1dd-264f-4fc6-b8a5-bcd86ae0fa7c,659857,Landing Page Submission,Reference,Yes,No,1,6,1740,6.0,Unsubscribed,Qatar,Rural and Agribusiness,Student of SomeSchool,Businessman,Flexibility & Convenience,No,No,No,No,No,No,No,No,Interested in other courses,High in Relevance,No,No,,Mumbai,02.Medium,02.Medium,14,16,No,No,Unsubscribed,0.82571906,1
bcbeefdb-de39-4a98-bcf1-b39c91717451,659856,Quick Add Form,Direct Traffic,No,No,0,4,42,4.0,Page Visited on Website,,Supply Chain Management,Select,Student,Quality Education,No,No,No,No,No,No,No,No,Diploma holder (Not Eligible),High in Relevance,No,No,Other Leads,Mumbai,01.High,02.Medium,16,15,No,No,Page Visited on Website,0.0021291957,0
514ba245-6c17-4841-b6c2-163d8353f6e6,659855,Landing Page Submission,Olark Chat,Yes,Yes,0,17,942,17.0,View in browser link Clicked,Kuwait,Marketing Management,Email,Working Professional,,No,No,No,No,No,No,No,No,,Low in Relevance,No,No,Other Leads,Other Cities of Maharashtra,02.Medium,01.High,12,15,No,No,Modified,0.3877992,0
78acd6c9-b191-4ffd-b438-d2b60a5659de,659854,Lead Import,YouTube,No,No,0,1,1554,1.19,Form Submitted on Website,,Select,Other,Unemployed,Flexibility & Convenience,No,No,No,No,No,No,No,No,in touch with EINS,Worst,No,No,Other Leads,Other Cities,02.Medium,03.Low,14,13,No,Yes,Unreachable,0.9385606,1
67061cf1-2c63-4aba-a6fa-87a0e46cd70b,659853,Quick Add Form,Olark Chat,No,Yes,0,4,1751,4.0,Email Bounced,Qatar,"Banking, Investment And Insurance",Student of SomeSchool,Businessman,Quality Education,No,No,No,No,No,No,No,No,Busy,Low in Relevance,No,Yes,Lateral Student,Other Cities,02.Medium,02.Medium,15,15,No,No,Modified,0.9862803,1
7347fdd5-c977-461a-9cb5-7579a5a6ab22,659852,Lead Add Form,Email,No,No,1,11,1718,11.0,Unsubscribed,United States,Retail Management,Select,Other,Better Career Prospects,No,No,No,No,No,No,No,No,Interested in other courses,,No,No,Select,Other Cities,02.Medium,02.Medium,15,12,No,No,Unsubscribed,0.53869754,1
0f0ded43-719f-46ac-a334-31f384be0db8,659851,Lead Add Form,Olark Chat,No,No,1,6,562,6.0,Unreachable,,Marketing Management,Other,Businessman,Quality Education,No,No,No,No,No,No,No,No,,,No,No,,Mumbai,02.Medium,01.High,13,15,No,Yes,Unreachable,0.56573504,1
d960a233-9261-410f-b54c-8e926b3530f1,659850,API,Referral Sites,No,No,0,12,973,12.0,Modified,United States,Business Administration,Reference,Student,Quality Education,No,No,No,No,No,No,No,No,Already a student,High in Relevance,No,No,Lateral Student,Other Metro Cities,02.Medium,02.Medium,15,16,No,No,Modified,0.06034758,0
96828e50-1583-4449-a84a-34ba893a52c1,659849,Lead Add Form,Referral Sites,No,No,0,9,50,9.0,Unsubscribed,Qatar,Human Resource Management,Other,,,No,No,No,No,No,No,No,No,Already a student,Not Sure,No,No,Select,Mumbai,01.High,01.High,16,17,No,No,Unsubscribed,0.005218833,0
4d49a464-25ec-40bd-b20f-ab2f5d386c0b,659848,Quick Add Form,Organic Search,No,No,0,0,0,0.0,Email Bounced,Bahrain,E-COMMERCE,Online Search,Working Professional,Better Career Prospects,No,No,No,No,No,No,No,No,Closed by Horizzon,Worst,No,No,Potential Lead,,01.High,03.Low,17,9,No,No,Page Visited on Website,0.9990927,1
f783b0b3-43f1-47f4-95a7-7318d8a139f0,659847,Quick Add Form,Welingak Website,No,No,0,9,235,4.44,Email Bounced,Oman,Select,Email,Other,Quality Education,No,No,No,No,No,No,No,No,,Might be,No,No,Lateral Student,Mumbai,02.Medium,01.High,14,17,No,No,Page Visited on Website,0.9902154,1
a24a006b-d75e-4ed5-94da-3697781540d0,659846,API,Olark Chat,No,No,1,14,1557,14.0,Modified,,"Banking, Investment And Insurance",Select,Businessman,,No,No,No,No,No,No,No,No,Lost to EINS,Not Sure,No,No,Dual Specialization Student,Other Cities,02.Medium,03.Low,14,9,No,No,Modified,0.99734086,1
81b137c2-405a-4dd3-961a-b465bd93cfac,659845,Lead Add Form,Welingak Website,Yes,No,0,4,10,3.85,Email Bounced,Oman,E-COMMERCE,Student of SomeSchool,Working Professional,Affordable Fees,No,No,No,No,No,No,No,No,,Low in Relevance,No,No,Dual Specialization Student,Other Metro Cities,02.Medium,02.Medium,16,15,No,No,Modified,0.97481173,1
7697bf00-7bdf-4ab8-a05e-1b6cbde68cd6,659844,Landing Page Submission,Welingak Website,No,No,0,1,436,5.92,Email Opened,India,Retail Management,Word Of Mouth,Working Professional,,No,No,No,No,No,No,No,No,,,No,No,Other Leads,Other Cities,03.Low,01.High,11,18,No,No,Email Opened,0.7731694,1
791a63ea-3401-4fc8-8819-742b7cc2e4f3,659843,Lead Add Form,Email,No,Yes,0,7,794,7.0,SMS Sent,UAE,Hospitality Management,Word Of Mouth,Other,Flexibility & Convenience,No,No,No,No,No,No,No,No,Will revert after reading the email,Worst,No,No,Potential Lead,Other Metro Cities,01.High,01.High,15,15,No,Yes,Unreachable,0.9932678,1
b233e764-3aef-44c0-803d-cbc15c12b52a,659842,Landing Page Submission,Email,No,Yes,1,6,1089,6.0,Email Opened,,Operations Management,Select,,Quality Education,No,No,No,No,No,No,No,No,Closed by Horizzon,Worst,No,No,Dual Specialization Student,Mumbai,02.Medium,02.Medium,12,12,No,No,Email Opened,0.9885852,1
54902531-d2a8-4444-b222-b12ed92588a1,659841,Lead Add Form,YouTube,No,Yes,0,1,543,1.0,Email Link Clicked,Bahrain,International Business,Select,Unemployed,Flexibility & Convenience,No,No,No,No,No,No,No,No,Busy,Might be,No,No,Potential Lead,Select,02.Medium,02.Medium,14,14,No,No,Email Link Clicked,0.59666175,1
371d89c7-e177-437e-a6a8-cb933913c7c3,659840,API,Reference,No,No,0,6,198,6.0,Page Visited on Website,United Kingdom,Healthcare Management,Online Search,Working Professional,Quality Education,No,No,No,No,No,No,No,No,number not provided,Might be,No,No,Dual Specialization Student,Other Cities,01.High,01.High,18,16,No,Yes,Page Visited on Website,0.01912057,0
12a071e7-de40-45e3-bc96-63256c512586,659839,Lead Add Form,Olark Chat,No,No,0,0,0,0.0,Modified,Saudi Arabia,IT Projects Management,Online Search,,Affordable Fees,No,No,No,No,No,No,No,No,Lost to EINS,,No,No,Lateral Student,Other Metro Cities,01.High,01.High,15,15,No,No,Modified,0.9404448,1
a8ee4251-63ab-4f0a-a0d2-59914adc695c,659838,API,Facebook,No,No,0,0,0,0.0,Email Link Clicked,Bahrain,Marketing Management,Email,Businessman,Better Career Prospects,No,No,No,No,No,No,No,No,number not provided,Might be,No,No,,Thane & Outskirts,02.Medium,02.Medium,16,12,No,No,Email Link Clicked,0.002037627,0
d2cfe0be-f6b4-43d8-a69f-841c245f544a,659837,Quick Add Form,Olark Chat,No,No,1,16,733,16.0,Converted to Lead,United Kingdom,Rural and Agribusiness,Word Of Mouth,Working Professional,,No,No,No,No,No,No,No,No,number not provided,Low in Relevance,No,No,Potential Lead,Other Cities of Maharashtra,01.High,,15,14,No,No,Unreachable,0.8160457,1
aee380e5-cb47-4bfa-9365-41aa73b23508,659836,API,Google,No,No,0,5,127,5.0,Email Bounced,,International Business,Select,Working Professional,Flexibility & Convenience,No,No,No,No,No,No,No,No,Closed by Horizzon,Might be,No,No,Potential Lead,Other Metro Cities,02.Medium,02.Medium,12,16,No,Yes,Modified,0.9795687,1
677977a7-7e81-4b40-a29f-97e264e9dcf8,659835,Lead Import,Google,No,No,0,2,1830,2.0,Email Link Clicked,UAE,Services Excellence,Word Of Mouth,Other,,No,No,No,No,No,No,No,No,Will revert after reading the email,Not Sure,No,No,Select,,01.High,01.High,18,18,No,No,Email Link Clicked,0.9474312,1
3a1a9fcd-84d8-447c-826f-d27dfe94c910,659834,Lead Add Form,Google,No,Yes,1,1,465,1.0,SMS Sent,Saudi Arabia,Select,Multiple Sources,Other,Better Career Prospects,No,No,No,No,No,No,No,No,in touch with EINS,Low in Relevance,No,No,Select,Other Cities of Maharashtra,01.High,02.Medium,18,12,No,No,Unreachable,0.13316093,0
44d54c7c-1aff-44ed-a601-a29a20fd9388,659833,API,Direct Traffic,No,No,1,6,1670,6.0,View in browser link Clicked,United States,Hospitality Management,Email,Unemployed,Flexibility & Convenience,No,No,No,No,No,No,No,No,in touch with EINS,,No,No,Lateral Student,Other Metro Cities,02.Medium,01.High,16,18,No,No,Page Visited on Website,0.89378124,1
5a4bee4d-f476-4014-a9ea-d1eeb7fe7e2f,659832,Lead Import,Organic Search,No,No,0,13,1486,13.0,Had a Phone Conversation,United Kingdom,International Business,Word Of Mouth,Businessman,Better Career Prospects,No,No,No,No,No,No,No,No,Closed by Horizzon,Worst,No,No,Select,Other Metro Cities,02.Medium,02.Medium,12,14,No,No,Modified,0.9980129,1
ccac169e-e521-4937-86e9-1042a20d2771,659831,Quick Add Form,Olark Chat,No,No,0,13,1642,13.0,View in browser link Clicked,UAE,Media and Advertising,Other,Businessman,Quality Education,No,No,No,No,No,No,No,No,Graduation in progress,Low in Relevance,No,No,Potential Lead,Mumbai,02.Medium,01.High,14,18,No,No,Page Visited on Website,0.97099584,1
ae1990de-dbb4-45b5-855f-a238c5d1811e,659830,Landing Page Submission,Email,No,No,0,16,232,16.0,Modified,Qatar,Supply Chain Management,Select,Businessman,,No,No,No,No,No,No,No,No,Interested in other courses,Low in Relevance,No,No,Select,Other Cities,02.Medium,01.High,16,18,Yes,No,Modified,0.0035863123,0
92eede17-1b62-4c11-93a7-35fd993f9cbd,659829,Landing Page Submission,Welingak Website,No,No,0,7,1627,6.53,Unsubscribed,India,Healthcare Management,Email,Other,Better Career Prospects,No,No,No,No,No,No,No,No,Busy,,No,No,Dual Specialization Student,Mumbai,02.Medium,02.Medium,12,15,No,Yes,Unsubscribed,0.99968684,1
a97b2f17-04c3-4d1c-9c18-27884c7a78a8,659828,API,Email,No,No,1,2,1417,2.0,Had a Phone Conversation,Oman,Marketing Management,Email,Unemployed,,No,No,No,No,No,No,No,No,Graduation in progress,High in Relevance,No,No,Select,Other Cities,01.High,02.Medium,17,16,No,No,Modified,0.5198869,1
b782e8dc-ad0b-4376-9c6a-1f1d6e6632c6,659827,Quick Add Form,Google,No,No,0,7,1674,7.0,Converted to Lead,Qatar,Hospitality Management,Student of SomeSchool,Unemployed,Flexibility & Convenience,No,No,No,No,No,No,No,No,Diploma holder (Not Eligible),Not Sure,No,No,,Select,03.Low,01.High,12,18,No,Yes,Olark Chat Conversation,0.09192376,0
ee24136f-da10-4edc-82de-b00028a1724c,659826,Lead Add Form,YouTube,No,No,0,9,1013,9.0,Form Submitted on Website,Oman,Business Administration,Reference,Other,Affordable Fees,No,No,No,No,No,No,No,No,Graduation in progress,Not Sure,No,No,Other Leads,Other Cities,02.Medium,02.Medium,13,13,No,No,Page Visited on Website,0.5891117,1
d5540ca9-efec-4a27-bd7b-54795278c007,659825,API,Olark Chat,No,No,0,8,927,8.0,Page Visited on Website,India,Healthcare Management,Online Search,Working Professional,Quality Education,No,No,No,No,No,No,No,No,number not provided,,No,No,Select,Select,01.High,02.Medium,15,12,No,Yes,Page Visited on Website,0.037581883,0
985c4ca8-5535-4862-b65a-17dd9270d3f1,659824,Lead Add Form,Olark Chat,No,No,0,11,239,11.0,Unsubscribed,Bahrain,International Business,Online Search,Student,Affordable Fees,No,No,No,No,No,No,No,No,Closed by Horizzon,High in Relevance,No,No,,Thane & Outskirts,03.Low,01.High,9,16,No,No,Unsubscribed,0.9667513,1
c96f1d1e-62b2-499c-b908-1ef5964fbd56,659823,Lead Add Form,Welingak Website,No,No,0,1,699,1.0,Email Opened,,Finance Management,Multiple Sources,Working Professional,Better Career Prospects,No,No,No,No,No,No,No,No,Graduation in progress,High in Relevance,No,No,Lateral Student,Other Metro Cities,03.Low,03.Low,13,9,No,No,Email Opened,0.98760545,1
b96e350c-f8be-4480-aadc-e58c7edd0118,659822,Lead Import,YouTube,No,No,0,10,1492,10.0,Modified,Singapore,E-COMMERCE,Multiple Sources,Businessman,Flexibility & Convenience,No,No,No,No,No,No,No,No,opp hangup,Worst,No,No,Potential Lead,Other Cities,01.High,02.Medium,18,14,No,No,Modified,0.51658535,1
11cef8e7-be74-424b-817f-e83d634e7100,659821,API,Direct Traffic,No,No,0,17,40,17.0,SMS Sent,United States,E-COMMERCE,Reference,Working Professional,Quality Education,No,No,No,No,No,No,No,No,Lost to EINS,Not Sure,No,No,Other Leads,Mumbai,02.Medium,03.Low,12,13,No,No,Page Visited on Website,0.99914086,1
e1f7b745-47cd-49b9-8788-8ac07f6f7292,659820,Lead Import,Organic Search,No,No,0,7,1137,7.0,Email Link Clicked,India,Select,Select,Other,Affordable Fees,No,No,No,No,No,No,No,No,opp hangup,Might be,No,No,Lateral Student,Thane & Outskirts,01.High,02.Medium,17,14,No,No,Email Link Clicked,0.026487364,0
09d7b94f-3016-4884-b9a5-eb7fdbfe9b62,659819,Lead Add Form,Reference,No,No,0,14,584,14.0,View in browser link Clicked,United Kingdom,Rural and Agribusiness,Student of SomeSchool,Working Professional,Better Career Prospects,No,No,No,No,No,No,No,No,in touch with EINS,,No,No,Select,Thane & Outskirts,01.High,01.High,15,16,No,No,Modified,0.33848512,0
76d47271-947e-45c6-ab0e-f2e90c94e9a2,659818,API,Referral Sites,No,No,1,5,236,5.0,Email Link Clicked,Singapore,Business Administration,Student of SomeSchool,Unemployed,,No,No,No,No,No,No,No,No,Interested in other courses,Worst,No,No,Other Leads,Mumbai,01.High,,17,10,No,No,Email Link Clicked,0.0022049095,0
a5df849f-005c-44a0-bac3-9780612e3dca,659817,Quick Add Form,Facebook,No,No,0,16,778,2.72,Page Visited on Website,Singapore,Human Resource Management,Online Search,,,No,No,No,No,No,No,No,No,Interested in other courses,High in Relevance,No,No,Potential Lead,Thane & Outskirts,02.Medium,02.Medium,13,16,No,No,Page Visited on Website,0.0101328455,0
97b61188-5005-403e-9328-d73f71fbdcce,659816,Lead Import,YouTube,No,No,1,14,1107,14.0,Had a Phone Conversation,,Select,Other,Businessman,Affordable Fees,No,No,No,No,No,No,No,No,Interested in other courses,High in Relevance,No,No,Lateral Student,Other Metro Cities,02.Medium,02.Medium,13,13,No,No,Unreachable,0.41559315,0
feec7d56-d64d-4589-a44d-007ea4e23b91,659815,Landing Page Submission,Direct Traffic,Yes,No,0,5,734,5.0,SMS Sent,Singapore,Human Resource Management,Multiple Sources,Unemployed,,No,No,No,No,No,No,No,No,Diploma holder (Not Eligible),High in Relevance,No,No,,Thane & Outskirts,02.Medium,03.Low,16,13,No,Yes,Modified,0.0019490005,0
298e40db-4b1f-4788-8e60-5f6eafd662cf,659814,Lead Add Form,Organic Search,No,No,0,1,1433,1.0,View in browser link Clicked,,Finance Management,Email,Student,Better Career Prospects,No,No,No,No,No,No,No,No,Lost to EINS,Low in Relevance,No,No,Dual Specialization Student,Other Cities of Maharashtra,02.Medium,02.Medium,12,13,No,No,Unreachable,0.9998605,1
cd0feb2e-bbc9-4e23-a073-05de9d5042a3,659813,API,Olark Chat,No,No,0,13,240,5.36,Olark Chat Conversation,Oman,Media and Advertising,Online Search,Working Professional,Quality Education,No,No,No,No,No,No,No,No,in touch with EINS,Worst,No,No,Dual Specialization Student,Select,01.High,02.Medium,16,12,No,No,Olark Chat Conversation,0.08158196,0
8a3e66d8-6906-4e54-b9a3-bb91c89e534a,659812,API,Olark Chat,No,No,0,2,1130,2.0,SMS Sent,UAE,Retail Management,Email,,,No,No,No,No,No,No,No,No,Graduation in progress,Low in Relevance,No,No,Potential Lead,,02.Medium,01.High,14,15,Yes,No,Olark Chat Conversation,0.24923609,0
251a4ccd-f68c-4946-b7ef-157fbb943e80,659811,Lead Import,YouTube,No,No,1,8,1161,8.0,Had a Phone Conversation,Saudi Arabia,E-COMMERCE,Word Of Mouth,Unemployed,Better Career Prospects,No,No,No,No,No,No,No,No,opp hangup,Might be,No,No,Lateral Student,Other Cities of Maharashtra,02.Medium,02.Medium,13,13,No,No,Email Opened,0.7435452,1
5bfd897e-1f82-4d3d-bea3-1c2c0024a326,659810,Landing Page Submission,Olark Chat,No,No,1,2,373,1.43,Modified,United States,Rural and Agribusiness,Reference,,Flexibility & Convenience,No,No,No,No,No,No,No,No,Lost to EINS,,No,No,Dual Specialization Student,Other Cities of Maharashtra,01.High,01.High,15,18,No,Yes,Modified,0.9887573,1
bf2cc92f-3c09-4bb6-b91c-e94dac0e8e5a,659809,Landing Page Submission,Facebook,No,No,0,12,123,12.0,Email Opened,Kuwait,Operations Management,Student of SomeSchool,Unemployed,Better Career Prospects,No,No,No,No,No,No,No,No,opp hangup,Low in Relevance,No,No,Lateral Student,Other Metro Cities,01.High,01.High,16,15,No,No,Email Opened,0.012095849,0
782ae502-a20a-44c1-83dc-02673cc01193,659808,Lead Import,YouTube,No,No,0,11,1127,11.0,Email Bounced,Oman,Retail Management,Email,Unemployed,Affordable Fees,No,No,No,No,No,No,No,No,Will revert after reading the email,Low in Relevance,No,No,Select,Other Cities of Maharashtra,02.Medium,01.High,14,17,No,No,Email Opened,0.9932319,1
04575268-b9d6-4f66-9b0c-dfee8653798e,659807,Quick Add Form,Direct Traffic,No,No,0,16,1289,16.0,Email Link Clicked,,International Business,Email,Student,Flexibility & Convenience,No,No,No,No,No,No,No,No,Ringing,Not Sure,Yes,No,,Mumbai,01.High,02.Medium,17,13,No,No,Email Link Clicked,0.01223701,0
795af416-cb25-453e-88b5-e15969361ab9,659806,Landing Page Submission,Olark Chat,No,No,0,9,411,9.0,Unreachable,Qatar,International Business,Multiple Sources,Other,Affordable Fees,No,No,No,No,No,No,No,No,Already a student,High in Relevance,No,No,Potential Lead,Mumbai,01.High,01.High,18,17,No,No,Unreachable,0.009892005,0
9b706f70-4034-4685-9a6f-c45785b20f51,659805,Lead Import,Organic Search,No,No,0,4,740,4.0,Unreachable,Oman,International Business,Word Of Mouth,Unemployed,Better Career Prospects,No,No,No,No,No,No,No,No,Lost to EINS,Not Sure,No,No,Dual Specialization Student,Other Cities,02.Medium,02.Medium,15,15,Yes,No,Unreachable,0.9997423,1
55385790-595b-41b6-b64d-b6c78af8f291,659804,Landing Page Submission,Welingak Website,No,No,0,3,858,3.0,Email Bounced,Saudi Arabia,"Banking, Investment And Insurance",Online Search,Working Professional,Flexibility & Convenience,No,No,No,No,No,No,No,No,,,No,No,,,02.Medium,,12,15,No,Yes,Modified,0.15537426,0
cd40128e-4c63-42d0-af80-0e1307d4704b,659803,Lead Import,Facebook,No,No,0,7,119,3.47,Had a Phone Conversation,UAE,International Business,Other,Other,Affordable Fees,No,No,No,No,No,No,No,No,number not provided,Worst,No,No,Other Leads,,02.Medium,03.Low,14,13,No,Yes,Olark Chat Conversation,0.0014361255,0
afa66301-b60d-48e4-97ae-5b7dbaab3275,659802,Landing Page Submission,Referral Sites,No,No,0,10,1352,10.0,Converted to Lead,United Kingdom,Finance Management,Word Of Mouth,Unemployed,Quality Education,No,No,No,No,No,No,No,No,,Not Sure,No,No,Dual Specialization Student,Mumbai,01.High,02.Medium,17,13,No,No,Email Opened,0.9906094,1
b7561e92-d3c4-48c9-9e06-dc65223272c7,659801,Landing Page Submission,Referral Sites,No,Yes,0,11,78,2.07,Modified,Qatar,International Business,Student of SomeSchool,,Better Career Prospects,No,No,No,No,No,No,No,No,number not provided,Not Sure,No,No,Select,Mumbai,02.Medium,03.Low,14,11,No,No,Modified,0.005281036,0
37db4f60-26d6-455b-9489-c0a89c3cf209,659800,Quick Add Form,Direct Traffic,Yes,No,0,13,1621,13.0,Unreachable,Saudi Arabia,Select,Select,,Flexibility & Convenience,No,No,No,No,No,No,No,No,,High in Relevance,No,No,Potential Lead,Other Cities of Maharashtra,02.Medium,01.High,14,16,No,No,Unreachable,0.83833885,1
844c5641-49eb-49a8-b538-f729f4d4136e,659799,Quick Add Form,Welingak Website,Yes,No,0,2,1295,2.0,Modified,United Kingdom,International Business,Email,Student,Flexibility & Convenience,No,No,No,No,No,No,No,No,Closed by Horizzon,High in Relevance,No,No,Lateral Student,Other Cities of Maharashtra,03.Low,02.Medium,11,13,No,No,Modified,0.9997881,1
e755e1b4-9d70-4f1a-928a-2cebfcfe2996,659798,Quick Add Form,YouTube,No,No,1,11,1338,11.0,Unreachable,Oman,International Business,Multiple Sources,Businessman,Better Career Prospects,No,No,No,No,No,No,No,No,Lost to EINS,Might be,No,No,Potential Lead,,02.Medium,01.High,14,15,No,Yes,Unreachable,0.99984634,1
80e21192-f492-4404-a44f-6f9116f0f2e3,659797,Lead Add Form,YouTube,Yes,No,1,2,1372,2.0,Modified,India,Media and Advertising,Multiple Sources,Unemployed,,No,No,No,No,No,No,No,No,Busy,Low in Relevance,No,No,Potential Lead,,01.High,02.Medium,17,16,No,No,Modified,0.38401443,0
cfa05fb4-fe8a-4ff5-a299-0c1d3d7bc403,659796,Quick Add Form,Email,Yes,No,0,0,0,0.0,SMS Sent,Qatar,Supply Chain Management,Word Of Mouth,Working Professional,Quality Education,No,No,No,No,No,No,No,No,Diploma holder (Not Eligible),Might be,No,No,Potential Lead,Other Cities,02.Medium,02.Medium,16,16,No,Yes,Modified,0.13996261,0
0e89e393-5a96-4ffe-bdfc-4af96288a8c1,659795,Lead Add Form,Reference,No,No,0,11,1040,11.0,Page Visited on Website,India,Hospitality Management,Reference,,Quality Education,No,No,No,No,No,No,No,No,Interested in other courses,High in Relevance,No,No,Lateral Student,,02.Medium,03.Low,15,9,No,No,Page Visited on Website,0.046669353,0
d434d55c-fd1a-43da-a303-413cb1d3741d,659794,Lead Add Form,Organic Search,No,No,0,6,966,6.0,Email Link Clicked,Oman,Select,Multiple Sources,Unemployed,Affordable Fees,No,No,No,No,No,No,No,No,Interested in other courses,Low in Relevance,No,No,,Mumbai,02.Medium,01.High,15,18,No,No,Email Link Clicked,0.048259195,0
f2fc06fc-05c7-4bc7-9029-0713cf3c438d,659793,Lead Import,Google,No,No,1,5,1127,5.0,Olark Chat Conversation,Bahrain,Select,Other,Businessman,Flexibility & Convenience,No,No,No,No,No,No,No,No,Lost to EINS,Worst,No,No,Dual Specialization Student,Other Cities,01.High,02.Medium,15,16,No,No,Email Opened,0.99503016,1
9c624c1c-e101-4911-8257-6ddc851dd919,659792,Quick Add Form,Organic Search,No,No,0,9,309,9.0,Email Link Clicked,India,Services Excellence,Select,Working Professional,,No,No,No,No,No,No,No,No,,Not Sure,No,No,Select,,02.Medium,02.Medium,12,15,No,Yes,Email Link Clicked,0.025421005,0
d2225682-1081-4a2b-b36f-a5a443b43c24,659791,Landing Page Submission,Google,No,Yes,0,7,1181,7.0,Page Visited on Website,India,Select,Online Search,Other,,No,No,No,No,No,No,No,No,Graduation in progress,Might be,No,No,Select,,01.High,02.Medium,16,16,No,No,Page Visited on Website,0.059836272,0
04bbf087-b8b7-404d-b6f4-bd745b4da1d0,659790,Lead Add Form,Olark Chat,No,No,0,9,1578,9.0,Unreachable,,"Banking, Investment And Insurance",Select,Student,Quality Education,No,No,No,No,No,No,No,No,,,No,No,Select,Select,01.High,01.High,16,18,No,No,Unreachable,0.81815755,1
481fbfb6-236f-43df-b0af-c2b7d3db3787,659789,API,Email,No,No,0,5,647,5.0,View in browser link Clicked,Saudi Arabia,Media and Advertising,Select,Other,Quality Education,No,No,No,No,No,No,No,No,Interested in other courses,High in Relevance,No,No,Other Leads,Other Cities of Maharashtra,02.Medium,02.Medium,14,13,No,No,Unreachable,0.002153779,0
31a90bec-ce82-4a8c-9a39-4c3fba84af10,659788,Quick Add Form,Referral Sites,No,No,1,2,1127,5.28,Olark Chat Conversation,Kuwait,Business Administration,Select,,Affordable Fees,No,No,No,No,No,No,No,No,opp hangup,Might be,No,No,Select,Other Cities of Maharashtra,02.Medium,,15,12,Yes,Yes,Unreachable,0.19060366,0
2bb00137-4e8b-4906-a48e-2c06a2a0f71e,659787,Quick Add Form,Google,No,No,0,4,263,1.14,Page Visited on Website,,Business Administration,Word Of Mouth,,,No,No,No,No,No,No,No,No,Already a student,High in Relevance,No,No,Other Leads,,01.High,02.Medium,17,12,No,No,Page Visited on Website,0.028618768,0
04b069d5-ec47-49fa-a738-1bed54d98aa8,659786,Landing Page Submission,Google,No,No,1,7,1416,7.0,Email Link Clicked,United States,Select,Select,Businessman,Better Career Prospects,No,No,No,No,No,No,No,No,Ringing,Low in Relevance,No,No,Dual Specialization Student,Thane & Outskirts,01.High,03.Low,17,12,No,No,Email Link Clicked,0.036730643,0
74a166c8-f0bf-4df3-b61b-3c0639311689,659785,Lead Import,Facebook,No,No,1,16,259,16.0,SMS Sent,Qatar,Media and Advertising,Reference,Businessman,Affordable Fees,No,No,No,No,No,No,No,No,Closed by Horizzon,High in Relevance,No,No,,Select,02.Medium,01.High,12,18,No,No,Olark Chat Conversation,0.89213234,1
b83edb52-ab32-41d3-8f97-03304162a5c7,659784,Landing Page Submission,YouTube,Yes,No,0,0,0,0.0,SMS Sent,UAE,E-COMMERCE,Multiple Sources,,Quality Education,No,No,No,No,No,No,No,No,switched off,,No,No,Other Leads,Other Cities,02.Medium,01.High,16,15,No,No,Page Visited on Website,0.0021040298,0
49ea7ccd-c1fc-4297-9784-92ce19945808,659783,Landing Page Submission,Email,No,No,0,5,665,5.0,Unsubscribed,UAE,Marketing Management,Student of SomeSchool,Businessman,Better Career Prospects,No,No,No,No,No,No,No,No,opp hangup,Worst,No,No,Select,Thane & Outskirts,02.Medium,02.Medium,13,15,No,No,Unsubscribed,0.88901246,1
6e9241f0-3ffc-48a1-af66-83c32307f8ba,659782,Landing Page Submission,Google,No,No,1,12,1395,12.0,View in browser link Clicked,,Select,Student of SomeSchool,Student,Flexibility & Convenience,No,No,No,No,No,No,No,No,Already a student,Might be,No,No,Lateral Student,Other Cities,,02.Medium,12,13,No,Yes,Page Visited on Website,0.066492625,0
fd1075d5-cf58-4437-91c3-0b3e41c61473,659781,Lead Import,Welingak Website,No,No,0,6,462,6.0,View in browser link Clicked,Singapore,Business Administration,Email,Other,Better Career Prospects,No,No,No,No,No,No,No,No,Ringing,Low in Relevance,No,No,Select,Mumbai,01.High,03.Low,18,13,No,Yes,Olark Chat Conversation,0.023524636,0
e2510955-e0df-444d-b60b-13832ff5688d,659780,Lead Add Form,Google,No,No,0,10,360,10.0,Unreachable,United States,Healthcare Management,Select,Unemployed,Affordable Fees,No,No,No,No,No,No,No,No,Diploma holder (Not Eligible),High in Relevance,No,No,Other Leads,Other Cities of Maharashtra,03.Low,02.Medium,13,14,No,No,Unreachable,0.09253199,0
d871e841-9f85-4b00-b0bb-060144e9d7cb,659779,Quick Add Form,Olark Chat,No,No,0,5,125,5.0,Page Visited on Website,Bahrain,Hospitality Management,Select,Other,Flexibility & Convenience,No,No,No,No,No,No,No,No,in touch with EINS,Worst,No,No,Select,Other Cities of Maharashtra,02.Medium,02.Medium,16,15,No,No,Page Visited on Website,0.0025957453,0
6371a1c6-ab32-43b0-be26-5fd5c762c3bc,659778,API,Direct Traffic,Yes,Yes,0,15,757,15.0,Unreachable,Kuwait,Select,Select,,Flexibility & Convenience,No,No,No,No,No,No,No,No,Graduation in progress,Worst,No,No,Potential Lead,Other Cities of Maharashtra,01.High,02.Medium,15,16,Yes,No,Unreachable,0.046235863,0
c54f4147-620d-4efa-abe3-fa7b8e4d2eca,659777,Landing Page Submission,Organic Search,No,No,0,3,1334,3.0,Email Bounced,Bahrain,IT Projects Management,Word Of Mouth,Other,,No,No,No,No,No,No,No,No,Already a student,Not Sure,No,No,Select,,01.High,02.Medium,18,12,No,No,Email Opened,0.066343926,0
0ed1ee4b-a61c-4d7a-9dfa-5534cf40f8dc,659776,Lead Import,Direct Traffic,No,No,0,11,796,11.0,Had a Phone Conversation,India,Select,Select,Unemployed,Quality Education,No,No,No,No,No,No,No,No,Closed by Horizzon,Low in Relevance,No,No,Lateral Student,Thane & Outskirts,,,14,16,No,No,Olark Chat Conversation,0.9598055,1
b8af3360-6823-4cdc-b99c-c849bef233cf,659775,Lead Import,Direct Traffic,No,No,1,12,1216,12.0,Unreachable,,Select,Other,,Flexibility & Convenience,No,No,No,No,No,No,No,No,opp hangup,Not Sure,No,No,Lateral Student,Thane & Outskirts,02.Medium,02.Medium,14,13,No,Yes,Unreachable,0.26350117,0
d76642cb-0bf2-43e4-9657-b81122a75fa9,659774,Lead Add Form,Direct Traffic,No,No,0,10,992,10.0,Form Submitted on Website,Saudi Arabia,Select,Student of SomeSchool,,Flexibility & Convenience,No,No,No,No,No,No,No,No,Diploma holder (Not Eligible),High in Relevance,No,No,,Other Cities of Maharashtra,02.Medium,01.High,16,16,No,No,Page Visited on Website,0.0027753264,0
f16c7028-831b-450a-b2f0-09add3d658b0,659773,Quick Add Form,YouTube,No,No,1,5,1319,5.0,Email Link Clicked,UAE,Supply Chain Management,Email,,,No,No,No,No,No,No,No,No,Ringing,Low in Relevance,No,No,Potential Lead,Other Metro Cities,02.Medium,01.High,13,17,No,No,Email Link Clicked,0.07559567,0
6b75a361-d93d-4085-afaf-77447a3d0ded,659772,Lead Add Form,Facebook,No,No,0,13,22,6.59,Email Opened,United Kingdom,Operations Management,Other,Working Professional,Flexibility & Convenience,No,No,No,No,No,No,No,No,opp hangup,High in Relevance,No,No,Potential Lead,Other Metro Cities,02.Medium,01.High,16,16,No,No,Email Opened,0.065742426,0
9ac748ff-6422-4931-b11e-55f24f85862e,659771,Quick Add Form,Organic Search,No,No,0,7,1051,7.0,Email Link Clicked,,Select,Student of SomeSchool,,Affordable Fees,No,No,No,No,No,No,No,No,Already a student,Might be,No,No,Lateral Student,Other Cities of Maharashtra,02.Medium,02.Medium,12,16,No,No,Email Link Clicked,0.07196258,0
2a8a570b-b887-4fd3-a3a5-f0ee01239f1b,659770,Quick Add Form,Welingak Website,No,No,1,11,363,11.0,View in browser link Clicked,UAE,International Business,Reference,,Affordable Fees,No,No,No,No,No,No,No,No,Ringing,Not Sure,No,No,Select,Thane & Outskirts,02.Medium,01.High,16,15,No,No,Unreachable,0.054449808,0
9934df5d-3503-49fe-83b5-4bddd7580d11,659769,API,Olark Chat,No,No,0,15,835,15.0,Form Submitted on Website,UAE,Supply Chain Management,Other,Student,Quality Education,No,No,No,No,No,No,No,No,,High in Relevance,No,No,,Other Cities,02.Medium,02.Medium,16,14,No,No,Olark Chat Conversation,0.13151139,0
adc5c269-9869-4807-9bed-f71039291808,659768,API,Reference,No,No,0,14,631,14.0,View in browser link Clicked,India,Services Excellence,Select,Businessman,Flexibility & Convenience,No,No,No,No,No,No,No,No,Graduation in progress,Worst,No,No,Dual Specialization Student,Other Cities,02.Medium,02.Medium,12,14,No,Yes,Modified,0.012013807,0
9f1912c9-1aac-4d77-b7da-2613c0d9a779,659767,Lead Add Form,Referral Sites,No,No,0,3,858,3.0,Unsubscribed,Kuwait,Media and Advertising,Reference,Working Professional,Better Career Prospects,No,No,No,No,No,No,No,No,Interested in other courses,Might be,No,No,Potential Lead,Mumbai,02.Medium,02.Medium,12,14,No,No,Unsubscribed,0.6047965,1
07fa2393-8aac-41b4-9051-4b5061b64454,659766,Quick Add Form,Direct Traffic,No,No,0,14,1536,14.0,Unsubscribed,UAE,"Banking, Investment And Insurance",Word Of Mouth,Unemployed,Flexibility & Convenience,No,No,No,No,No,No,No,No,,Worst,No,No,Lateral Student,,02.Medium,01.High,16,17,No,No,Unsubscribed,0.9990759,1
398ce526-75e6-47ac-aa04-7cf54e83971b,659765,Lead Add Form,Olark Chat,No,No,0,3,512,3.0,Unsubscribed,Qatar,Business Administration,Student of SomeSchool,Other,,No,No,No,No,No,No,No,No,Graduation in progress,Might be,No,No,Dual Specialization Student,Mumbai,01.High,02.Medium,15,13,No,No,Unsubscribed,0.7546686,1
e2582595-7600-418c-a4a8-55b884e6ce5f,659764,Quick Add Form,Direct Traffic,No,No,1,0,0,0.0,SMS Sent,Oman,Healthcare Management,Email,,Flexibility & Convenience,No,No,No,No,No,No,No,No,,Low in Relevance,No,No,Potential Lead,Other Cities,02.Medium,02.Medium,15,12,No,No,Page Visited on Website,0.97699124,1
227ce8d2-b37c-4bcb-8aa0-d6e27e7c167c,659763,Landing Page Submission,YouTube,No,No,1,1,1577,1.0,View in browser link Clicked,Oman,Operations Management,Select,Working Professional,Quality Education,No,No,No,No,No,No,No,No,,Not Sure,No,No,Lateral Student,Other Cities of Maharashtra,02.Medium,,16,15,No,No,Modified,0.9802846,1
1092f294-8820-4c87-ad0e-1b1da65b98cc,659762,API,Reference,No,No,0,8,957,1.77,Email Link Clicked,Saudi Arabia,International Business,Multiple Sources,,Flexibility & Convenience,No,No,No,No,No,No,No,No,Closed by Horizzon,Might be,No,No,Potential Lead,Select,02.Medium,01.High,12,15,No,No,Email Link Clicked,0.8694386,1
a60b088a-2a94-4a36-a7f4-4e2a57832a2f,659761,API,Google,No,No,1,16,910,16.0,Unreachable,,Supply Chain Management,Other,Unemployed,Better Career Prospects,No,No,No,No,No,No,No,No,Graduation in progress,Might be,No,No,Dual Specialization Student,Thane & Outskirts,02.Medium,02.Medium,13,16,No,No,Unreachable,0.6650604,1
1c12cdf7-368b-40e7-ae14-39269ec4a2ad,659760,Landing Page Submission,Direct Traffic,No,Yes,1,1,93,1.0,Email Bounced,Qatar,Select,Select,,Affordable Fees,No,No,No,No,No,No,No,No,Ringing,Not Sure,No,No,Dual Specialization Student,,02.Medium,02.Medium,16,12,No,Yes,Modified,0.0013025736,0
29c1f720-d272-4ddf-b7cf-8abd760b4ce1,659759,Lead Import,Email,No,No,0,7,483,7.0,Unreachable,Qatar,Rural and Agribusiness,Select,Unemployed,Flexibility & Convenience,No,No,No,No,No,No,No,No,,,No,No,Select,Thane & Outskirts,01.High,02.Medium,18,15,No,Yes,Unreachable,0.42542928,0
f9bfc5ab-130b-4731-81c4-c375da2d06f7,659758,Quick Add Form,Reference,No,No,0,14,421,14.0,Email Bounced,Singapore,Select,Student of SomeSchool,Working Professional,Flexibility & Convenience,No,No,No,No,No,No,No,No,number not provided,Worst,No,No,Lateral Student,Other Cities of Maharashtra,02.Medium,02.Medium,14,13,No,Yes,Page Visited on Website,0.031127326,0
695c7f18-ff3a-40bb-aa72-c5f46aba9e99,659757,API,Email,No,No,0,3,566,3.0,Form Submitted on Website,,Select,Other,Businessman,Quality Education,No,No,No,No,No,No,No,No,Lost to EINS,Not Sure,No,No,,,02.Medium,01.High,13,15,No,No,Olark Chat Conversation,0.97572577,1
c9a42132-e35e-4c0c-9b07-78a622b5cc53,659756,Landing Page Submission,Welingak Website,No,Yes,0,0,0,0.0,Unsubscribed,United Kingdom,E-COMMERCE,Word Of Mouth,,Flexibility & Convenience,No,No,No,No,No,No,No,No,opp hangup,Not Sure,No,No,,Thane & Outskirts,01.High,01.High,15,15,No,No,Unsubscribed,0.9847627,1
70ce5d9b-3002-46be-b436-41a11966c21e,659755,Landing Page Submission,Google,No,No,1,11,504,11.0,Converted to Lead,Kuwait,Select,Reference,Other,Affordable Fees,No,No,No,No,No,No,No,No,switched off,High in Relevance,No,No,Other Leads,Other Cities,03.Low,01.High,10,17,No,Yes,Olark Chat Conversation,0.00018003333,0
649a83ad-8021-422c-8209-078a5f200ab6,659754,Lead Add Form,Email,No,No,0,10,1067,10.0,Unreachable,Bahrain,Marketing Management,Other,Working Professional,Quality Education,No,No,No,No,No,No,No,No,opp hangup,High in Relevance,No,No,Potential Lead,Mumbai,02.Medium,02.Medium,16,14,No,No,Unreachable,0.95659965,1
7fd7899b-fc17-4e27-b77b-82fba188550f,659753,API,YouTube,No,No,1,0,0,0.0,Had a Phone Conversation,Singapore,Healthcare Management,Email,Other,,No,No,No,No,No,No,No,No,number not provided,Worst,No,No,,,02.Medium,02.Medium,12,16,No,No,Olark Chat Conversation,0.008813429,0
4485d776-3cf6-4060-8467-30e74f3e70ae,659752,API,Email,No,No,0,17,1276,17.0,Converted to Lead,,Healthcare Management,Reference,Working Professional,Quality Education,No,No,No,No,No,No,No,No,Busy,Worst,No,No,Other Leads,Thane & Outskirts,02.Medium,01.High,15,18,No,No,Page Visited on Website,0.98939055,1
2776008f-25db-4223-a3fe-a74e7b318ae9,659751,Quick Add Form,Olark Chat,No,No,0,16,1445,16.0,Form Submitted on Website,Kuwait,Retail Management,Student of SomeSchool,Other,,No,No,No,No,No,No,No,No,,,No,No,Potential Lead,Other Cities,02.Medium,02.Medium,14,14,No,No,Unreachable,0.74579215,1
f6cf07f2-de46-4acd-90e6-8dfc67a62e90,659750,Lead Import,Google,No,No,0,13,1750,6.72,Modified,India,IT Projects Management,Select,Student,Quality Education,No,No,No,No,No,No,No,No,Will revert after reading the email,,No,No,Lateral Student,Other Cities,01.High,02.Medium,18,14,No,Yes,Modified,0.9969542,1
0c335e9d-8b8f-4e23-a979-dfd0ff96f7c8,659749,Lead Import,Welingak Website,No,No,0,5,1183,5.0,Unsubscribed,United Kingdom,Select,Select,Student,Flexibility & Convenience,No,No,No,No,No,No,No,No,Lost to EINS,,No,No,Lateral Student,Mumbai,02.Medium,02.Medium,14,16,No,No,Unsubscribed,0.99994016,1
96a52d13-241d-476f-88ec-ae48238d0e09,659748,API,Organic Search,No,No,1,11,394,11.0,Converted to Lead,Kuwait,"Banking, Investment And Insurance",Reference,Unemployed,Flexibility & Convenience,No,No,No,No,No,No,No,No,opp hangup,Might be,No,No,Dual Specialization Student,,03.Low,01.High,13,15,No,No,Email Opened,0.046244282,0
067d5d09-c8d9-4614-bd7a-c444bf4189fc,659747,API,Email,No,No,0,9,546,9.0,Form Submitted on Website,UAE,Retail Management,Select,Student,Better Career Prospects,No,No,No,No,No,No,No,No,Closed by Horizzon,High in Relevance,No,No,Dual Specialization Student,Mumbai,03.Low,01.High,12,18,Yes,No,Page Visited on Website,0.99028945,1
3cdd162b-16e0-4a3b-8dbf-e9e313b02704,659746,Lead Import,Olark Chat,No,No,0,3,112,3.0,Unreachable,,Select,Reference,Businessman,Affordable Fees,No,No,No,No,No,No,No,No,in touch with EINS,Not Sure,No,No,,,01.High,03.Low,16,10,Yes,No,Unreachable,0.07844589,0
9f391e8b-7e71-4a9c-a665-058c98f71389,659745,API,Direct Traffic,No,No,0,0,0,0.0,Page Visited on Website,,Business Administration,Online Search,Businessman,Affordable Fees,No,No,No,No,No,No,No,No,in touch with EINS,High in Relevance,No,No,Other Leads,Other Cities,03.Low,02.Medium,9,15,No,No,Page Visited on Website,0.15579084,0
baeb5e19-ee32-4dbb-a792-17e222642222,659744,Landing Page Submission,Direct Traffic,No,No,0,1,1560,1.0,Modified,Saudi Arabia,E-COMMERCE,Word Of Mouth,Other,Quality Education,No,No,No,No,No,No,No,No,Lost to EINS,,No,No,Potential Lead,Thane & Outskirts,02.Medium,02.Medium,16,14,No,No,Modified,0.998069,1
eca4cdf8-41b1-421e-aaad-af03f7937c72,659743,Landing Page Submission,Facebook,No,No,1,12,1371,12.0,Converted to Lead,Oman,IT Projects Management,Other,Student,,No,No,No,No,No,No,No,No,Lost to EINS,Might be,No,No,Lateral Student,Mumbai,01.High,02.Medium,18,12,No,No,Page Visited on Website,0.9919668,1
a87c0a4d-f744-454c-bbd0-55c39fcdb867,659742,API,Referral Sites,No,Yes,0,1,1715,1.0,Olark Chat Conversation,Saudi Arabia,Select,Word Of Mouth,Businessman,Flexibility & Convenience,No,No,No,No,No,No,No,No,in touch with EINS,Low in Relevance,No,No,Lateral Student,,01.High,02.Medium,15,13,No,No,Page Visited on Website,0.5531678,1
6a93095e-05fd-4581-8198-300af25b1005,659741,Lead Import,Referral Sites,No,No,0,1,1585,1.0,Email Bounced,UAE,Business Administration,Select,Other,Flexibility & Convenience,No,No,No,No,No,No,No,No,Graduation in progress,Low in Relevance,No,No,Dual Specialization Student,Mumbai,01.High,03.Low,15,9,No,Yes,Email Opened,0.81196606,1
8ca7d4a9-4617-4eec-8af3-120643f092a7,659740,Quick Add Form,Email,No,No,0,14,1493,5.95,Olark Chat Conversation,United Kingdom,"Banking, Investment And Insurance",Select,,Flexibility & Convenience,No,No,No,No,No,No,No,No,number not provided,Worst,No,No,Lateral Student,,02.Medium,02.Medium,12,12,No,Yes,Page Visited on Website,0.5493601,1
719e52f4-3af7-4a6d-b63e-03001eba690c,659739,Lead Import,Direct Traffic,Yes,No,0,8,1506,8.0,Email Bounced,Singapore,Finance Management,Email,,,No,No,No,No,No,No,No,No,Closed by Horizzon,Might be,No,No,Dual Specialization Student,,02.Medium,01.High,13,16,No,No,Page Visited on Website,0.9641645,1
919f0753-4438-4f49-8297-d08ec7b6d7c5,659738,API,YouTube,No,No,1,4,758,4.0,SMS Sent,,Select,Select,,,No,No,No,No,No,No,No,No,switched off,Low in Relevance,No,No,Dual Specialization Student,Other Metro Cities,02.Medium,02.Medium,16,15,No,Yes,Modified,0.027244924,0
08be18b3-036b-4695-8a05-03125416e6af,659737,Quick Add Form,Referral Sites,No,No,1,2,582,2.0,SMS Sent,Qatar,Select,Reference,,Affordable Fees,No,No,No,No,No,No,No,No,Will revert after reading the email,Low in Relevance,No,No,Other Leads,,01.High,02.Medium,18,16,No,No,Unreachable,0.99426275,1
c687ab1b-3f26-4bbe-9381-0e61f5b9cd25,659736,API,Facebook,No,No,0,0,0,0.0,Unreachable,India,Operations Management,Reference,Unemployed,Affordable Fees,No,No,No,No,No,No,No,No,in touch with EINS,Might be,No,No,Select,Thane & Outskirts,01.High,02.Medium,18,14,No,No,Unreachable,0.012487882,0
ca3da864-2cfc-4a20-900e-ff9d4751fedd,659735,Landing Page Submission,YouTube,No,No,1,14,1420,14.0,View in browser link Clicked,Kuwait,Finance Management,Select,,Affordable Fees,No,No,No,No,No,No,No,No,,Worst,No,No,,,01.High,01.High,15,15,No,No,Email Opened,0.811232,1
c7c3ed0d-1c0b-4071-89c8-c7a2c261b2a5,659734,Lead Import,Referral Sites,Yes,No,0,11,401,11.0,Email Opened,Qatar,Rural and Agribusiness,Select,Businessman,Affordable Fees,No,No,No,No,No,No,No,No,number not provided,Low in Relevance,No,No,Lateral Student,Mumbai,02.Medium,01.High,12,18,No,No,Email Opened,0.0059928205,0
49489700-73c0-4dec-a8b0-f5b3fe1dceee,659733,API,Olark Chat,No,No,0,11,1025,11.0,Modified,Singapore,"Banking, Investment And Insurance",Online Search,Other,Flexibility & Convenience,No,No,No,No,No,No,No,No,Closed by Horizzon,Worst,No,No,,Other Cities,01.High,01.High,18,17,No,No,Modified,0.9447304,1
6ab3cc19-c614-4ed7-9d94-282063daa623,659732,API,Welingak Website,No,No,0,3,218,3.0,Email Link Clicked,,Rural and Agribusiness,Select,Unemployed,Quality Education,No,No,No,No,No,No,No,No,switched off,Might be,No,No,Select,Thane & Outskirts,02.Medium,03.Low,12,12,No,No,Email Link Clicked,0.009757653,0
c94dfff5-8569-4db9-9349-18ff3a9c68d1,659731,Lead Add Form,Facebook,No,No,0,13,1795,13.0,Email Bounced,Bahrain,Select,Word Of Mouth,Unemployed,,No,No,No,No,No,No,No,No,Ringing,Not Sure,No,No,Select,,02.Medium,03.Low,12,9,No,No,Modified,0.028666746,0
7d93736e-074e-4e0a-b997-2ca87606ca34,659730,Lead Import,Reference,No,No,0,9,841,9.0,Converted to Lead,Kuwait,Media and Advertising,Online Search,Working Professional,Affordable Fees,No,No,No,No,No,No,No,No,Graduation in progress,High in Relevance,No,No,Other Leads,Thane & Outskirts,02.Medium,02.Medium,12,12,No,No,Email Opened,0.043491893,0
de4fc5c7-ce4a-4727-ab71-affb68e00431,659729,Landing Page Submission,Google,No,No,1,3,734,3.0,Form Submitted on Website,Qatar,IT Projects Management,Select,Businessman,,No,No,No,No,No,No,No,No,number not provided,Low in Relevance,No,No,Other Leads,Other Metro Cities,01.High,02.Medium,17,16,No,No,Olark Chat Conversation,0.0081294365,0
06ea79a8-8947-4ac2-a13f-9dceda6fb413,659728,Quick Add Form,Organic Search,No,No,0,16,1729,16.0,Form Submitted on Website,Oman,Marketing Management,Email,Other,Affordable Fees,No,No,No,No,No,No,No,No,in touch with EINS,Low in Relevance,No,No,,,02.Medium,01.High,12,17,No,Yes,Olark Chat Conversation,0.88059056,1
8fb62efc-32b4-49b3-a948-23ba17d5d3bc,659727,Quick Add Form,Welingak Website,No,No,1,2,1228,2.0,Email Opened,Kuwait,Services Excellence,Online Search,Businessman,,No,No,No,No,No,No,No,No,opp hangup,Worst,No,No,Dual Specialization Student,Other Metro Cities,02.Medium,02.Medium,13,12,No,No,Email Opened,0.9025565,1
8cbb7a6e-65b0-43f3-baba-b9f32e117c2a,659726,API,Facebook,Yes,No,0,2,1076,2.0,View in browser link Clicked,UAE,Healthcare Management,Select,Other,,No,No,No,No,No,No,No,No,in touch with EINS,,No,No,Other Leads,Mumbai,02.Medium,01.High,12,16,No,No,Olark Chat Conversation,0.010281588,0
5d93291e-1209-41cb-a4ce-d0c43cf8f7d4,659725,Landing Page Submission,Facebook,No,No,0,13,1720,13.0,Form Submitted on Website,Kuwait,Healthcare Management,Select,,Better Career Prospects,No,No,No,No,No,No,No,No,in touch with EINS,High in Relevance,No,No,,Mumbai,01.High,02.Medium,15,14,No,No,Email Opened,0.18616526,0
55399a5b-2421-400c-88a7-a34a53baaae2,659724,Lead Add Form,Reference,Yes,No,1,12,1005,3.43,Email Bounced,Saudi Arabia,Operations Management,Online Search,,Better Career Prospects,No,No,No,No,No,No,No,No,Busy,Worst,No,No,Dual Specialization Student,Thane & Outskirts,02.Medium,01.High,16,18,No,No,Page Visited on Website,0.17384085,0
a03e7892-419b-4b18-a908-9bab8888c9d2,659723,Lead Import,YouTube,No,No,0,3,153,3.0,View in browser link Clicked,Kuwait,Business Administration,Reference,Working Professional,Quality Education,No,No,No,No,No,No,No,No,Interested in other courses,Not Sure,No,No,Dual Specialization Student,,02.Medium,03.Low,14,9,No,No,Email Opened,0.030911101,0
56f29968-18ad-49b4-b0a7-62885bb2a8ca,659722,API,Referral Sites,No,No,0,17,112,6.16,Modified,India,Services Excellence,Word Of Mouth,Student,Affordable Fees,No,No,No,No,No,No,No,No,in touch with EINS,Not Sure,No,No,Select,Select,02.Medium,03.Low,13,13,No,No,Modified,0.0037764753,0
a2f7c718-c3ee-4e8d-b54b-4b5ebcb834a3,659721,Lead Add Form,Email,No,No,1,10,300,10.0,Email Opened,Oman,E-COMMERCE,Select,,Flexibility & Convenience,No,No,No,No,No,No,No,No,,Worst,No,No,Dual Specialization Student,Mumbai,,01.High,10,16,No,No,Email Opened,0.66427946,1
e6f9a9f5-2091-46ca-8e3e-75ca8296f6bb,659720,Landing Page Submission,Facebook,Yes,No,0,7,168,7.0,Unsubscribed,Singapore,E-COMMERCE,Word Of Mouth,Working Professional,,No,No,No,No,No,No,No,No,number not provided,,No,No,Lateral Student,Mumbai,02.Medium,02.Medium,16,16,No,Yes,Unsubscribed,0.043334942,0
ebdf783c-1b11-403a-8ef9-4dfff16671f6,659719,Landing Page Submission,Organic Search,No,No,1,15,18,15.0,Had a Phone Conversation,Saudi Arabia,Rural and Agribusiness,Reference,Unemployed,Affordable Fees,No,No,No,No,No,No,No,No,Diploma holder (Not Eligible),High in Relevance,No,No,Potential Lead,Other Metro Cities,02.Medium,02.Medium,14,13,No,No,Email Opened,0.0021804206,0
03429159-2b61-4b02-80ea-77c896d0ec41,659718,Lead Import,Organic Search,No,No,0,2,349,2.0,Email Bounced,Qatar,Healthcare Management,Other,,Better Career Prospects,No,No,No,No,No,No,No,No,Will revert after reading the email,,No,No,Potential Lead,Thane & Outskirts,01.High,02.Medium,17,15,No,No,Page Visited on Website,0.98104435,1
4228508c-5aaa-4a22-843e-7e19ab90830b,659717,Lead Import,Olark Chat,No,No,0,14,1415,14.0,Email Opened,Bahrain,Healthcare Management,Select,,,No,No,No,No,No,No,No,No,switched off,Low in Relevance,No,No,Potential Lead,Other Metro Cities,01.High,,15,10,No,No,Email Opened,0.02105846,0
cccf68f3-d136-47a0-966e-a1a208b0d3a1,659716,Lead Add Form,Reference,No,No,0,13,1691,13.0,Email Opened,,Human Resource Management,Select,Other,Quality Education,No,No,No,No,No,No,No,No,opp hangup,Might be,No,No,Potential Lead,,,01.High,16,15,No,No,Email Opened,0.50889087,1
604b5806-1a66-40ce-8a3c-6397e62559a4,659715,Quick Add Form,Direct Traffic,No,No,0,1,1584,1.0,Email Link Clicked,Oman,Select,Reference,Businessman,,No,No,No,No,No,No,No,No,Graduation in progress,High in Relevance,No,No,Other Leads,Mumbai,01.High,01.High,18,15,No,No,Email Link Clicked,0.9159087,1
14bc4b89-cce4-4c4d-83e2-69373e34c668,659714,Lead Add Form,Referral Sites,No,No,0,10,797,10.0,Form Submitted on Website,UAE,Select,Reference,Businessman,Better Career Prospects,No,No,No,No,No,No,No,No,opp hangup,Low in Relevance,No,No,Dual Specialization Student,Mumbai,02.Medium,02.Medium,12,12,No,Yes,Email Opened,0.7386977,1
ec785f1e-b684-4f0d-99dc-f2d1402d9fe2,659713,Quick Add Form,Organic Search,No,Yes,0,12,1039,12.0,Email Link Clicked,Bahrain,Services Excellence,Reference,Businessman,Better Career Prospects,No,No,No,No,No,No,No,No,,Not Sure,No,No,,Select,01.High,01.High,16,15,No,Yes,Email Link Clicked,0.7182018,1
524797d4-7c6c-46f7-acd1-72ea2e8c0fdb,659712,Lead Import,Direct Traffic,No,No,0,0,0,0.0,Email Link Clicked,United Kingdom,Services Excellence,Select,Other,Affordable Fees,No,No,No,No,No,No,No,No,Closed by Horizzon,Might be,No,No,Lateral Student,Other Cities of Maharashtra,01.High,02.Medium,18,13,No,Yes,Email Link Clicked,0.7962461,1
93de7ab6-fcda-40d2-8a74-2595ca536edd,659711,API,Olark Chat,No,No,0,17,408,17.0,Unsubscribed,India,Select,Student of SomeSchool,,Affordable Fees,No,No,No,No,No,No,No,No,Will revert after reading the email,,No,No,Lateral Student,Thane & Outskirts,03.Low,02.Medium,12,13,No,No,Unsubscribed,0.9829694,1
9ab089d5-7252-40f6-962c-1278e90320bc,659710,Quick Add Form,Organic Search,No,No,1,10,1645,10.0,Email Link Clicked,,Operations Management,Word Of Mouth,Businessman,Flexibility & Convenience,No,No,No,No,No,No,No,No,Already a student,,No,No,Lateral Student,Thane & Outskirts,02.Medium,02.Medium,13,16,Yes,No,Email Link Clicked,0.40945494,0
96f72c03-f9cf-4383-9798-1f9de1b9ebe2,659709,Lead Add Form,Referral Sites,No,No,0,13,645,4.88,Olark Chat Conversation,United Kingdom,Healthcare Management,Select,Businessman,Quality Education,No,No,No,No,No,No,No,No,switched off,,No,No,Lateral Student,Other Cities of Maharashtra,01.High,02.Medium,18,14,No,Yes,Olark Chat Conversation,0.03301367,0
b27f32e5-1344-49b2-929d-78a8bfa4fad3,659708,Quick Add Form,YouTube,No,No,1,13,890,13.0,Converted to Lead,United Kingdom,IT Projects Management,Other,,Better Career Prospects,No,No,No,No,No,No,No,No,in touch with EINS,Low in Relevance,No,No,Potential Lead,Other Metro Cities,,02.Medium,12,13,No,No,Unreachable,0.9756496,1
dd35f3df-1e19-45cb-aebb-e56a447b1901,659707,API,Google,No,No,0,9,1666,9.0,Had a Phone Conversation,India,Finance Management,Other,Other,Quality Education,No,No,No,No,No,No,No,No,Diploma holder (Not Eligible),Low in Relevance,No,No,,Thane & Outskirts,01.High,02.Medium,16,14,No,Yes,Olark Chat Conversation,0.13812645,0
dd82527c-88de-47b0-b7df-2e14fe7e4d9d,659706,Quick Add Form,Direct Traffic,No,No,0,2,43,2.0,Olark Chat Conversation,Qatar,Finance Management,Reference,,Quality Education,No,No,No,No,No,No,No,No,Already a student,Worst,No,No,Potential Lead,Thane & Outskirts,02.Medium,01.High,12,16,No,No,Unreachable,0.0055435887,0
cfc54237-a319-4421-85d0-1512a7df27da,659705,Landing Page Submission,Referral Sites,No,No,1,7,1157,7.0,Page Visited on Website,,Hospitality Management,Online Search,Businessman,Affordable Fees,No,No,No,No,No,No,No,No,,Worst,No,No,Potential Lead,,02.Medium,02.Medium,12,16,No,No,Page Visited on Website,0.7936969,1
ee1a6bdb-cb3f-42e6-a5b9-e3f2f6bf2da9,659704,Landing Page Submission,Facebook,No,Yes,0,14,161,14.0,Form Submitted on Website,Kuwait,E-COMMERCE,Multiple Sources,Student,Affordable Fees,No,No,No,No,No,No,No,No,Already a student,High in Relevance,No,No,,,02.Medium,01.High,16,18,No,Yes,Email Opened,0.00030827132,0
fc0727c0-c2c3-46be-8d11-e9763a88053d,659703,Landing Page Submission,Direct Traffic,No,No,1,4,1244,4.0,Unreachable,Qatar,Rural and Agribusiness,Word Of Mouth,,Better Career Prospects,No,No,No,No,No,No,No,No,number not provided,Low in Relevance,No,No,Other Leads,Thane & Outskirts,01.High,02.Medium,18,14,No,No,Unreachable,0.60602176,1
8e182701-8d6b-4e9a-b0be-f1f2ba54b565,659702,API,Reference,No,No,0,9,977,9.0,Converted to Lead,United States,Finance Management,Online Search,Other,Affordable Fees,No,No,No,No,No,No,No,No,Ringing,Might be,No,No,Dual Specialization Student,Other Cities,03.Low,02.Medium,13,14,No,No,Email Opened,0.025998682,0
785f0bfa-ab41-46bc-8412-a704a90dfd55,659701,Lead Import,Olark Chat,No,No,0,14,1389,14.0,Had a Phone Conversation,Saudi Arabia,Supply Chain Management,Student of SomeSchool,,Quality Education,No,No,No,No,No,No,No,No,Lost to EINS,,No,No,,,02.Medium,02.Medium,14,12,No,Yes,Unreachable,0.8462559,1
a4e01082-4d92-46cb-86f1-6a6d922f6777,659700,Lead Add Form,Olark Chat,No,No,0,15,516,15.0,Form Submitted on Website,Bahrain,Healthcare Management,Email,,Better Career Prospects,No,No,No,No,No,No,No,No,Busy,,No,No,Other Leads,Other Cities,02.Medium,03.Low,16,9,No,No,Page Visited on Website,0.45109075,0
001b2f4c-28fa-46e8-abb7-538c39c5ab9e,659699,API,Referral Sites,No,No,1,6,166,6.0,Modified,Bahrain,Finance Management,Reference,Unemployed,Flexibility & Convenience,No,No,No,No,No,No,No,No,number not provided,,No,No,Select,Other Metro Cities,02.Medium,02.Medium,13,14,No,No,Modified,0.0034266685,0
a5bdc412-b96b-43d3-a173-50494766fe3d,659698,Lead Add Form,Organic Search,Yes,No,1,5,1156,5.0,Olark Chat Conversation,,Healthcare Management,Multiple Sources,Businessman,Quality Education,No,No,No,No,No,No,No,No,Lost to EINS,Might be,No,No,Potential Lead,,02.Medium,01.High,14,18,No,No,Email Opened,0.9913633,1
0c5ab85f-94b7-4936-ba9b-b4f941beb229,659697,Quick Add Form,Reference,No,No,1,11,366,11.0,Page Visited on Website,Kuwait,Operations Management,Word Of Mouth,,Better Career Prospects,No,No,No,No,No,No,No,No,Busy,,No,No,Lateral Student,Other Cities of Maharashtra,01.High,01.High,15,15,No,No,Page Visited on Website,0.71325994,1
f1447e30-f6bd-438d-9282-90f66028cfbf,659696,Lead Add Form,Olark Chat,Yes,No,0,15,1606,1.58,Page Visited on Website,United Kingdom,International Business,Word Of Mouth,Businessman,Affordable Fees,No,No,No,No,No,No,No,No,Ringing,Might be,No,No,,Mumbai,02.Medium,01.High,15,18,No,No,Page Visited on Website,0.18934587,0
e1dc836c-a764-4d54-a4d5-458294a7d9b7,659695,Landing Page Submission,Olark Chat,No,No,0,10,1385,4.81,Modified,UAE,Business Administration,Word Of Mouth,,Affordable Fees,No,No,No,No,No,No,No,No,Will revert after reading the email,,No,No,Lateral Student,,01.High,01.High,17,16,Yes,No,Modified,0.9957396,1
d5ff688a-2e78-4147-9301-d42d62ac6e74,659694,Quick Add Form,Olark Chat,No,Yes,0,2,1564,2.0,Olark Chat Conversation,United States,Services Excellence,Word Of Mouth,Working Professional,Affordable Fees,No,No,No,No,No,No,No,No,Busy,Not Sure,No,No,,Mumbai,01.High,,18,13,No,No,Page Visited on Website,0.97792244,1
19c0c703-b6aa-4cbf-a1ef-4830d24c6b06,659693,API,Referral Sites,No,No,1,12,85,12.0,Email Link Clicked,,IT Projects Management,Select,,,No,No,No,No,No,No,No,No,Busy,Not Sure,No,No,Select,Other Cities of Maharashtra,01.High,01.High,17,17,No,No,Email Link Clicked,0.017758934,0
c7513066-b7a3-446f-9e66-ed15f8c3b2e1,659692,Landing Page Submission,Welingak Website,Yes,No,0,3,781,3.0,Email Link Clicked,Bahrain,Media and Advertising,Other,Unemployed,,No,No,No,No,No,No,No,No,Lost to EINS,,No,No,,Other Cities,02.Medium,02.Medium,14,13,No,No,Email Link Clicked,0.97894627,1
639c4c50-b617-4b5e-9a0e-18f57619cfa7,659691,Lead Add Form,Organic Search,No,No,0,9,437,9.0,Email Link Clicked,United Kingdom,Rural and Agribusiness,Email,Businessman,Better Career Prospects,No,No,No,No,No,No,No,No,,Might be,Yes,No,,,01.High,02.Medium,16,14,No,No,Email Link Clicked,0.8833802,1
1612a2e1-5b4e-45fe-9791-dbe6a4e02e36,659690,Lead Import,Organic Search,No,No,1,4,1315,4.0,Converted to Lead,Qatar,Human Resource Management,Word Of Mouth,Other,,No,No,No,No,No,No,No,No,Lost to EINS,Might be,No,Yes,Dual Specialization Student,Other Cities,01.High,02.Medium,15,16,No,Yes,Olark Chat Conversation,0.98878855,1
81396c43-da72-420a-9950-d97aea44df69,659689,Landing Page Submission,YouTube,Yes,No,0,1,1014,1.0,SMS Sent,India,International Business,Reference,Student,Quality Education,No,No,No,No,No,No,No,No,in touch with EINS,,No,No,,Other Metro Cities,01.High,01.High,17,15,No,No,Page Visited on Website,0.37555102,0
b3ff5a88-3fa9-47f7-b0b6-47df3bffc646,659688,Quick Add Form,Facebook,No,No,0,2,980,2.0,View in browser link Clicked,Qatar,Human Resource Management,Select,Unemployed,,No,No,No,No,No,No,No,No,Ringing,High in Relevance,Yes,No,Select,Other Metro Cities,02.Medium,03.Low,15,13,No,No,Page Visited on Website,0.028269898,0
1836f84b-ccc7-4134-a918-4376d462985e,659687,Lead Add Form,Direct Traffic,No,No,0,0,0,0.0,Had a Phone Conversation,United Kingdom,Select,Online Search,Businessman,Flexibility & Convenience,No,No,No,No,No,No,No,No,Interested in other courses,High in Relevance,No,No,Dual Specialization Student,Other Cities of Maharashtra,02.Medium,01.High,16,17,No,No,Olark Chat Conversation,0.009017122,0
d663cbf8-5615-4fe3-8d74-5dcf941b5622,659686,Lead Add Form,Organic Search,No,No,0,1,951,1.0,Email Link Clicked,India,E-COMMERCE,Reference,Other,Quality Education,No,No,No,No,No,No,No,No,Ringing,Might be,No,No,Select,Other Metro Cities,,02.Medium,11,13,No,No,Email Link Clicked,0.2359967,0
cf8c48b9-6ffe-47d9-9ffd-40b0416f1906,659685,Landing Page Submission,YouTube,No,No,0,0,0,0.0,Modified,Singapore,Select,Select,,Quality Education,No,No,No,No,No,No,No,No,Ringing,,No,No,Dual Specialization Student,Thane & Outskirts,,03.Low,14,10,Yes,No,Modified,0.00070175866,0
b08ffd48-0e3b-4a74-9a1c-60c49a6a55eb,659684,Quick Add Form,Reference,No,No,0,7,1584,7.0,Email Opened,,Hospitality Management,Other,,Better Career Prospects,No,No,No,No,No,No,No,No,Interested in other courses,,No,No,Potential Lead,Mumbai,01.High,01.High,18,18,No,No,Email Opened,0.10229312,0
befb19a4-aa43-46af-ab9b-c28d681a3dea,659683,Landing Page Submission,Reference,No,No,0,8,125,8.0,View in browser link Clicked,,Human Resource Management,Online Search,Working Professional,Better Career Prospects,No,No,No,No,No,No,No,No,number not provided,Worst,No,No,Dual Specialization Student,Other Cities,02.Medium,03.Low,14,10,No,Yes,Olark Chat Conversation,0.017543878,0
75e8431d-adac-4732-ba1f-2e648c014c57,659682,Landing Page Submission,Google,No,No,0,0,0,0.0,Page Visited on Website,United Kingdom,Finance Management,Student of SomeSchool,Student,,No,No,No,No,No,No,No,No,Ringing,Low in Relevance,No,No,Lateral Student,Other Cities,01.High,02.Medium,17,16,No,No,Page Visited on Website,0.0010182676,0
9cf06750-f0df-4b76-b16a-5fc224d5f70e,659681,Lead Import,Olark Chat,No,No,1,17,84,2.68,Page Visited on Website,,Select,Select,Other,Quality Education,No,No,No,No,No,No,No,No,number not provided,Might be,No,No,Lateral Student,Mumbai,02.Medium,02.Medium,15,13,No,No,Page Visited on Website,0.0017152628,0
b35388b5-8995-4384-bc3f-477384f5f2ff,659680,API,Olark Chat,No,No,1,1,1710,1.0,Email Opened,Oman,Operations Management,Select,Businessman,,No,No,No,No,No,No,No,No,Lost to EINS,Low in Relevance,No,No,Select,Select,01.High,02.Medium,15,12,No,No,Email Opened,0.99652076,1
aa24f4c8-1c92-4317-bb5e-47c155332f4e,659679,Landing Page Submission,Email,No,No,0,9,758,9.0,Unsubscribed,United States,IT Projects Management,Word Of Mouth,Other,Affordable Fees,No,No,No,No,No,No,No,No,Busy,High in Relevance,No,Yes,Potential Lead,,02.Medium,01.High,12,17,No,No,Unsubscribed,0.98737943,1
43b849ed-86d8-4386-9321-3db002f604cb,659678,API,Google,No,No,0,5,81,5.0,Unreachable,United Kingdom,Business Administration,Online Search,Businessman,Flexibility & Convenience,No,No,No,No,No,No,No,No,Graduation in progress,Low in Relevance,No,No,Potential Lead,,02.Medium,03.Low,12,11,No,No,Unreachable,0.55971855,1
1791b045-bc21-4ab0-999b-b75fff308037,659677,API,Reference,No,No,0,9,916,9.0,SMS Sent,Singapore,IT Projects Management,Word Of Mouth,Student,Better Career Prospects,No,No,No,No,No,No,No,No,switched off,High in Relevance,No,No,Potential Lead,,03.Low,02.Medium,13,14,No,No,Olark Chat Conversation,0.013958625,0
ed082578-3612-449f-ba59-1a64ab30a795,659676,API,YouTube,No,No,1,13,681,13.0,Page Visited on Website,Bahrain,Human Resource Management,Student of SomeSchool,Other,,No,No,No,No,No,No,No,No,Closed by Horizzon,Might be,No,No,Potential Lead,Thane & Outskirts,01.High,03.Low,18,10,No,No,Page Visited on Website,0.9158371,1
6b474c76-e356-4265-841e-395106dd3b04,659675,Quick Add Form,Facebook,No,No,0,16,1567,16.0,Unreachable,Kuwait,"Banking, Investment And Insurance",Reference,Other,,No,No,No,No,No,No,No,No,Will revert after reading the email,High in Relevance,No,No,Lateral Student,,02.Medium,02.Medium,16,16,No,No,Unreachable,0.99479747,1
1a0542b9-0a0b-4b64-9986-c28ddd388a55,659674,Quick Add Form,Olark Chat,No,No,1,4,571,8.13,Email Opened,United States,Select,Select,Businessman,Affordable Fees,No,No,No,No,No,No,No,No,Diploma holder (Not Eligible),,No,No,Potential Lead,Thane & Outskirts,03.Low,01.High,12,15,No,No,Email Opened,0.07707485,0
7f11d228-8bf5-4f41-b19d-417ab73928f0,659673,Lead Import,Welingak Website,No,No,1,10,1607,10.0,Modified,India,Operations Management,Student of SomeSchool,Other,Better Career Prospects,No,No,No,No,No,No,No,No,,Worst,Yes,No,Other Leads,Thane & Outskirts,03.Low,01.High,11,15,No,No,Modified,0.98813987,1
867d1e93-4ebe-4ded-aeaa-c20cb5387bec,659672,API,Olark Chat,No,No,0,13,1695,13.0,Email Link Clicked,Oman,Finance Management,Online Search,Student,Flexibility & Convenience,No,No,No,No,No,No,No,No,Closed by Horizzon,Low in Relevance,No,No,Potential Lead,,02.Medium,02.Medium,13,16,No,Yes,Email Link Clicked,0.996606,1
195ab452-fc29-4b58-87b3-8cefac74fc0c,659671,Lead Add Form,Google,No,No,0,16,377,16.0,Unsubscribed,United Kingdom,Select,Multiple Sources,Other,Better Career Prospects,No,No,No,No,No,No,No,No,opp hangup,Not Sure,No,No,Dual Specialization Student,Other Metro Cities,01.High,01.High,18,17,No,Yes,Unsubscribed,0.7528478,1
188085d5-523b-4a46-a5af-e40b821d96d9,659670,API,Welingak Website,No,No,0,3,1606,4.19,Had a Phone Conversation,United States,Supply Chain Management,Email,Businessman,Flexibility & Convenience,No,No,No,No,No,No,No,No,Interested in other courses,Might be,No,No,Other Leads,,02.Medium,01.High,14,15,No,No,Unreachable,0.97001183,1
8f6b38cb-5239-4902-8eb4-7cc4b1befe6a,659669,Landing Page Submission,Email,No,No,0,16,1667,16.0,Unsubscribed,United States,E-COMMERCE,Online Search,Unemployed,Affordable Fees,No,No,No,No,No,No,No,No,Already a student,Worst,No,No,Other Leads,Other Cities,02.Medium,03.Low,12,10,Yes,No,Unsubscribed,0.95468,1
82b4d529-0b0a-486d-bc19-482b92c7a7c0,659668,Quick Add Form,Email,No,No,1,12,1420,5.55,Form Submitted on Website,United States,IT Projects Management,Reference,Other,Affordable Fees,No,No,No,No,No,No,No,No,,Might be,No,No,Dual Specialization Student,Other Metro Cities,01.High,01.High,18,16,No,Yes,Unreachable,0.99669445,1
54f2ab58-ebb5-492a-8470-2ba0cd281052,659667,API,Facebook,No,No,0,11,1369,11.0,Unreachable,Kuwait,Operations Management,Reference,Businessman,,No,No,No,No,No,No,No,No,Diploma holder (Not Eligible),,No,No,Other Leads,Mumbai,03.Low,02.Medium,10,13,No,Yes,Unreachable,0.06695851,0
04df8e69-c7f6-4ae9-a2ae-ab5ec7d844fc,659666,Lead Import,Referral Sites,No,No,0,14,1362,14.0,Email Opened,Kuwait,Services Excellence,Other,Businessman,Better Career Prospects,No,No,No,No,No,No,No,No,opp hangup,High in Relevance,No,No,,Other Metro Cities,02.Medium,02.Medium,14,14,No,Yes,Email Opened,0.29490638,0
1936dbb3-6c1e-419b-8859-22998b23cd5e,659665,API,Email,No,No,0,16,1701,16.0,Olark Chat Conversation,Kuwait,Operations Management,Select,Other,Affordable Fees,No,No,No,No,No,No,No,No,Closed by Horizzon,High in Relevance,No,No,Dual Specialization Student,Mumbai,02.Medium,03.Low,13,11,No,No,Page Visited on Website,0.99521375,1
967d2af0-e846-4ec4-a86c-353101e5698f,659664,API,Organic Search,No,No,0,12,709,12.0,Page Visited on Website,Oman,Rural and Agribusiness,Student of SomeSchool,Businessman,Affordable Fees,No,No,No,No,No,No,No,No,Already a student,Low in Relevance,No,No,Other Leads,Mumbai,01.High,01.High,15,16,No,Yes,Page Visited on Website,0.07594415,0
b2169cc2-25a5-4110-95e6-e2c4606248f1,659663,Lead Import,Referral Sites,No,No,1,16,1191,16.0,Email Opened,Bahrain,Media and Advertising,Student of SomeSchool,Working Professional,Flexibility & Convenience,No,No,No,No,No,No,No,No,number not provided,,No,No,Lateral Student,Other Cities of Maharashtra,,01.High,11,16,No,No,Email Opened,0.80761415,1
9267ae29-eb4c-46ac-911d-9454e23fbe2a,659662,Quick Add Form,Organic Search,No,No,0,5,948,1.93,Had a Phone Conversation,Oman,Media and Advertising,Reference,Student,Quality Education,No,No,No,No,No,No,No,No,Diploma holder (Not Eligible),,No,No,Other Leads,Other Cities of Maharashtra,02.Medium,01.High,15,17,No,No,Olark Chat Conversation,0.090056375,0
07c408c7-950e-4e57-a3f6-44d706301f27,659661,Quick Add Form,Facebook,No,No,0,0,0,0.0,View in browser link Clicked,,International Business,Word Of Mouth,,Quality Education,No,No,No,No,No,No,No,No,Interested in other courses,High in Relevance,No,No,Other Leads,Other Cities of Maharashtra,03.Low,,9,11,No,No,Email Opened,0.0038273188,0
51883451-0a14-4813-b647-ddfb3ad07364,659660,API,Google,No,No,0,1,1975,1.0,SMS Sent,Qatar,Select,Student of SomeSchool,,Better Career Prospects,No,No,No,No,No,No,No,No,in touch with EINS,Might be,No,No,,Mumbai,01.High,03.Low,16,9,No,No,Email Opened,0.7712253,1
79c73212-5263-42c8-a2e9-32836ddac62a,659659,Lead Import,Google,No,No,1,13,1109,13.0,Page Visited on Website,Kuwait,"Banking, Investment And Insurance",Word Of Mouth,,,No,No,No,No,No,No,No,No,Closed by Horizzon,Might be,No,No,Dual Specialization Student,Mumbai,02.Medium,01.High,13,18,No,No,Page Visited on Website,0.96861935,1
f541e881-0d79-40fb-beda-d752ee797996,659658,Landing Page Submission,Referral Sites,No,No,0,11,489,11.0,Email Opened,India,Select,Student of SomeSchool,Businessman,,No,No,No,No,No,No,No,No,opp hangup,Might be,No,No,Other Leads,,01.High,01.High,18,15,No,No,Email Opened,0.022298813,0
42f3e387-3f03-4705-9081-30f18feb1103,659657,Landing Page Submission,Facebook,No,No,0,7,762,7.0,Modified,India,International Business,Other,Unemployed,Affordable Fees,No,No,No,No,No,No,No,No,switched off,,No,No,Other Leads,,02.Medium,02.Medium,13,15,No,No,Modified,0.0003518684,0
505fd559-0cdd-4746-8a7a-6aaa079d7736,659656,Lead Add Form,Facebook,No,No,0,14,1401,14.0,Email Bounced,Oman,Select,Other,,Better Career Prospects,No,No,No,No,No,No,No,No,Will revert after reading the email,High in Relevance,No,No,Select,Thane & Outskirts,03.Low,01.High,9,15,No,No,Modified,0.96665347,1
8bc4094a-c8bb-4115-b662-470211a5fb5f,659655,Quick Add Form,Email,No,No,0,0,0,0.0,Converted to Lead,United States,Select,Other,Unemployed,Affordable Fees,No,No,No,No,No,No,No,No,Diploma holder (Not Eligible),Low in Relevance,No,No,Dual Specialization Student,,02.Medium,01.High,12,17,No,No,Olark Chat Conversation,0.007343699,0
f0038f8a-186e-46d6-ae3f-bc91c8ebd1c4,659654,Quick Add Form,Olark Chat,No,No,0,16,683,4.38,Email Opened,UAE,Rural and Agribusiness,Email,Unemployed,Quality Education,No,No,No,No,No,No,No,No,Busy,High in Relevance,No,No,Potential Lead,Other Metro Cities,02.Medium,02.Medium,14,12,No,Yes,Email Opened,0.9907794,1
45a3dfe2-e52c-4845-8fa2-2e8071f8c78e,659653,Quick Add Form,Olark Chat,No,No,0,3,810,3.0,Unsubscribed,Oman,Retail Management,Email,Unemployed,Affordable Fees,No,No,No,No,No,No,No,No,Busy,Not Sure,No,No,Lateral Student,Mumbai,03.Low,02.Medium,12,15,No,Yes,Unsubscribed,0.9985399,1
5f31e91b-4c8e-4041-9611-9b44a56ba03f,659652,Landing Page Submission,Welingak Website,No,No,0,9,1759,9.0,View in browser link Clicked,Saudi Arabia,Operations Management,Multiple Sources,Working Professional,Quality Education,No,No,No,No,No,No,No,No,Busy,Not Sure,No,No,Select,,03.Low,01.High,13,16,No,No,Olark Chat Conversation,0.9332197,1
33b109c6-aab4-4aeb-b0b4-9519b3cecff6,659651,Lead Import,Google,No,No,0,10,269,10.0,Page Visited on Website,Bahrain,Human Resource Management,Email,Other,Flexibility & Convenience,No,No,No,No,No,No,No,No,Already a student,Worst,No,No,,Mumbai,02.Medium,02.Medium,13,13,No,No,Page Visited on Website,0.0017619728,0
40bead1e-f750-4e2d-8081-dc4306e9dcfe,659650,Lead Add Form,Olark Chat,No,Yes,0,10,161,4.65,Email Bounced,United Kingdom,Human Resource Management,Multiple Sources,Student,Better Career Prospects,No,No,No,No,No,No,No,No,Interested in other courses,Not Sure,No,No,Potential Lead,,01.High,02.Medium,15,15,No,Yes,Modified,0.0025171142,0
041eb349-021c-40c2-af9d-d76d3d17a805,659649,Lead Import,Direct Traffic,Yes,No,0,6,1175,6.0,Email Link Clicked,Saudi Arabia,IT Projects Management,Reference,,Better Career Prospects,No,No,No,No,No,No,No,No,Will revert after reading the email,Worst,No,No,Potential Lead,Other Cities of Maharashtra,01.High,02.Medium,15,13,No,Yes,Email Link Clicked,0.8095426,1
08f323c7-678e-41ee-ae3c-379a000c20c2,659648,Lead Add Form,Welingak Website,Yes,No,0,1,237,1.0,Form Submitted on Website,Bahrain,Services Excellence,Multiple Sources,Other,Quality Education,No,No,No,No,No,No,No,No,opp hangup,,No,No,Select,Other Cities of Maharashtra,02.Medium,02.Medium,16,13,No,No,Olark Chat Conversation,0.0091333585,0
f6b76e73-4a3d-487b-920f-b4991d784c39,659647,Lead Import,Referral Sites,Yes,No,0,0,0,0.0,Olark Chat Conversation,Bahrain,IT Projects Management,Email,Working Professional,Flexibility & Convenience,No,No,No,No,No,No,No,No,,Not Sure,No,No,Lateral Student,Other Cities of Maharashtra,01.High,01.High,18,18,No,No,Modified,0.019479936,0
8a47950b-20cc-4e96-9ea8-1f526a344c9d,659646,Quick Add Form,Welingak Website,No,No,0,9,322,3.37,SMS Sent,Kuwait,Supply Chain Management,Select,Working Professional,Better Career Prospects,No,No,No,No,No,No,No,No,Lost to EINS,High in Relevance,No,No,Select,Other Metro Cities,03.Low,02.Medium,10,12,No,No,Email Opened,0.9997987,1
0ab0fb59-809b-4c07-9658-1e31994be030,659645,API,Welingak Website,No,No,1,6,1153,6.0,SMS Sent,United Kingdom,Human Resource Management,Word Of Mouth,Working Professional,Affordable Fees,No,No,No,No,No,No,No,No,Graduation in progress,Not Sure,No,No,,,01.High,01.High,17,15,No,Yes,Page Visited on Website,0.98791724,1
f47b5eb6-f7b7-4783-bfcb-433fd0417455,659644,Landing Page Submission,Direct Traffic,No,No,0,5,1001,5.0,Modified,Bahrain,Operations Management,Online Search,Student,Affordable Fees,No,No,No,No,No,No,No,No,,High in Relevance,No,No,,Thane & Outskirts,02.Medium,02.Medium,14,12,No,Yes,Modified,0.12462412,0
7ab40630-cd44-477c-ad7d-f451793e5548,659643,Lead Import,Welingak Website,No,No,0,2,212,2.0,Unsubscribed,United States,Rural and Agribusiness,Multiple Sources,Other,Flexibility & Convenience,No,No,No,No,No,No,No,No,Ringing,Low in Relevance,No,No,Dual Specialization Student,Other Cities,02.Medium,01.High,13,16,No,Yes,Unsubscribed,0.31817952,0
d6c8da34-d633-4998-a914-0c4518084675,659642,Landing Page Submission,Email,No,No,0,16,601,16.0,Converted to Lead,Oman,Operations Management,Multiple Sources,Unemployed,Affordable Fees,No,No,No,No,No,No,No,No,Diploma holder (Not Eligible),Low in Relevance,No,No,,Thane & Outskirts,01.High,02.Medium,18,12,No,No,Unreachable,0.021598917,0
3b3a9cb0-e9c3-4039-8214-98427147f666,659641,Quick Add Form,Email,Yes,No,0,6,452,6.0,Email Bounced,,Select,Email,Student,Flexibility & Convenience,No,No,No,No,No,No,No,No,Busy,Worst,No,No,Select,,03.Low,02.Medium,10,16,No,No,Modified,0.0465448,0
f5e36a0f-a6d5-4703-8152-2ae41b0774e4,659640,API,Reference,No,No,0,4,1222,4.0,Olark Chat Conversation,Kuwait,"Banking, Investment And Insurance",Student of SomeSchool,,Flexibility & Convenience,No,No,No,No,No,No,No,No,in touch with EINS,Worst,No,No,Dual Specialization Student,Other Cities of Maharashtra,02.Medium,01.High,14,18,No,No,Modified,0.10557886,0
d777dcec-d992-4347-aaf3-96e4389fb855,659639,Landing Page Submission,Facebook,Yes,No,0,3,41,3.0,SMS Sent,Singapore,Operations Management,Word Of Mouth,Other,Affordable Fees,No,No,No,No,No,No,No,No,Graduation in progress,,No,No,,Select,02.Medium,02.Medium,16,16,No,No,Unreachable,0.036621608,0
e981b117-57c2-4394-ba6d-e61f12ed8cd2,659638,Landing Page Submission,YouTube,No,No,0,2,1417,2.0,Email Bounced,Kuwait,Rural and Agribusiness,Email,Student,Quality Education,No,No,No,No,No,No,No,No,in touch with EINS,High in Relevance,No,No,,Other Metro Cities,02.Medium,02.Medium,15,13,No,No,Olark Chat Conversation,0.18962094,0
98435764-11ad-48e9-be30-9d027e40cebc,659637,Lead Import,Google,Yes,No,0,4,1642,4.0,Page Visited on Website,Kuwait,Business Administration,Student of SomeSchool,Businessman,Affordable Fees,No,No,No,No,No,No,No,No,Interested in other courses,Low in Relevance,No,No,,Other Cities of Maharashtra,02.Medium,02.Medium,12,13,No,Yes,Page Visited on Website,0.06008343,0
a036b475-d1c4-465f-8ef2-28b9fa8437b7,659636,Lead Import,Welingak Website,Yes,No,0,13,1670,1.34,Page Visited on Website,UAE,Select,Online Search,Working Professional,Better Career Prospects,No,No,No,No,No,No,No,No,Busy,,No,No,Potential Lead,Other Cities,02.Medium,02.Medium,12,16,Yes,No,Page Visited on Website,0.99793065,1
01442130-9900-434d-aca9-38874a488b9e,659635,Landing Page Submission,Email,Yes,No,0,0,0,0.0,SMS Sent,Kuwait,Supply Chain Management,Online Search,Other,Flexibility & Convenience,No,No,No,No,No,No,No,No,,,No,No,Dual Specialization Student,,03.Low,03.Low,9,12,No,No,Olark Chat Conversation,0.08319442,0
4a641411-e03f-40bd-9eda-f0c70d73230b,659634,Lead Add Form,Referral Sites,No,No,0,0,0,0.0,Page Visited on Website,Qatar,Media and Advertising,Multiple Sources,Other,Flexibility & Convenience,No,No,No,No,No,No,No,No,opp hangup,Worst,No,No,Other Leads,Other Metro Cities,03.Low,02.Medium,12,14,No,No,Page Visited on Website,0.0035642663,0
5e51d4ff-6f0d-4d56-99c7-e5aa6e602121,659633,API,Olark Chat,No,No,1,11,313,5.1,Form Submitted on Website,Singapore,Hospitality Management,Email,Working Professional,Affordable Fees,No,No,No,No,No,No,No,No,Closed by Horizzon,Might be,No,No,Potential Lead,Thane & Outskirts,02.Medium,02.Medium,12,12,No,Yes,Page Visited on Website,0.9946189,1
de58a88c-72ed-47b8-bb18-b6d0a730e39f,659632,Lead Add Form,Direct Traffic,No,No,1,0,0,0.0,Email Opened,UAE,International Business,Select,Working Professional,,No,No,No,No,No,No,No,No,,Low in Relevance,No,No,Potential Lead,,02.Medium,02.Medium,15,13,No,Yes,Email Opened,0.26311246,0
c364727b-34bd-428c-b828-9ae6f38fc883,659631,Lead Add Form,Welingak Website,No,No,0,16,1312,2.81,SMS Sent,,Select,Select,Businessman,,No,No,No,No,No,No,No,No,switched off,Might be,No,No,Potential Lead,,02.Medium,02.Medium,14,15,No,No,Modified,0.7779591,1
aab0d34c-88a0-43d7-be96-a7567499d39e,659630,Landing Page Submission,Reference,No,No,1,4,973,4.0,Unsubscribed,UAE,Retail Management,Word Of Mouth,Working Professional,,No,No,No,No,No,No,No,No,Diploma holder (Not Eligible),,No,No,Potential Lead,Thane & Outskirts,02.Medium,02.Medium,15,12,No,No,Unsubscribed,0.65452933,1
d8d31548-f11f-4b19-8e3d-7379a5aaf059,659629,API,Google,Yes,No,0,6,768,6.0,Unsubscribed,Saudi Arabia,Supply Chain Management,Multiple Sources,Unemployed,Quality Education,No,No,No,No,No,No,No,No,,Not Sure,No,No,Dual Specialization Student,Mumbai,02.Medium,02.Medium,12,15,No,No,Unsubscribed,0.3966127,0
5e1ff538-7622-4122-8fbb-d03f31b6d81f,659628,Lead Import,Organic Search,No,No,1,6,868,6.0,Unreachable,Bahrain,E-COMMERCE,Reference,Businessman,,No,No,No,No,No,No,No,No,Ringing,,No,No,Select,Other Cities of Maharashtra,02.Medium,03.Low,12,12,No,No,Unreachable,0.10963028,0
1e0acb6f-2656-4210-b3e4-d6ab0d7a2530,659627,Lead Import,Facebook,No,No,0,15,270,15.0,Email Link Clicked,Qatar,Retail Management,Select,Student,Better Career Prospects,No,No,No,No,No,No,No,No,in touch with EINS,Might be,No,No,Lateral Student,Other Cities of Maharashtra,01.High,02.Medium,17,12,No,Yes,Email Link Clicked,0.0008680194,0
75d4f72f-f96f-42ce-897d-0c2af9ed475f,659626,Lead Add Form,Organic Search,No,No,0,3,313,3.0,Had a Phone Conversation,United States,Media and Advertising,Select,,Better Career Prospects,No,No,No,No,No,No,No,No,Already a student,Low in Relevance,No,No,Dual Specialization Student,,,01.High,13,15,No,Yes,Olark Chat Conversation,0.014755043,0
30b28fa9-ae76-4fa7-a95d-284174166566,659625,Quick Add Form,Reference,No,No,0,9,1207,9.0,Email Link Clicked,United States,Media and Advertising,Word Of Mouth,Unemployed,,No,No,No,No,No,No,No,No,Interested in other courses,,No,No,Lateral Student,Other Metro Cities,03.Low,02.Medium,12,13,No,No,Email Link Clicked,0.17737769,0
88c8359c-69c8-4b61-b0b9-b440a1c928ad,659624,Quick Add Form,Organic Search,No,No,0,8,1765,8.0,Olark Chat Conversation,United Kingdom,Marketing Management,Email,Other,Better Career Prospects,No,No,No,No,No,No,No,No,Lost to EINS,Low in Relevance,No,No,Potential Lead,Other Metro Cities,02.Medium,02.Medium,12,15,No,No,Olark Chat Conversation,0.9992429,1
a2dc568e-4168-4c97-bb02-9352c7a6e99a,659623,API,YouTube,No,No,0,17,877,17.0,Email Bounced,,International Business,Online Search,Student,Better Career Prospects,No,No,No,No,No,No,No,No,Graduation in progress,,No,No,Select,Thane & Outskirts,02.Medium,02.Medium,16,12,No,No,Modified,0.01871639,0
89778efb-88f1-4c76-ac4a-99109ee08877,659622,Lead Add Form,Olark Chat,No,No,1,16,1094,16.0,Had a Phone Conversation,Bahrain,IT Projects Management,Word Of Mouth,Businessman,Affordable Fees,No,No,No,No,No,No,No,No,Already a student,High in Relevance,No,No,Lateral Student,Other Metro Cities,02.Medium,02.Medium,12,15,No,Yes,Email Opened,0.30013344,0
73e2b065-c975-464e-afac-38a9b8cf4d23,659621,Lead Import,Google,No,No,0,10,1490,10.0,Had a Phone Conversation,,Select,Word Of Mouth,Businessman,Affordable Fees,No,No,No,No,No,No,No,No,switched off,Low in Relevance,No,No,Potential Lead,,02.Medium,02.Medium,15,14,No,No,Modified,0.05931551,0
7086d63a-e3d4-42c1-a6b5-bebfa10ce75e,659620,Lead Import,Google,No,No,1,16,251,16.0,Had a Phone Conversation,Bahrain,Services Excellence,Reference,Businessman,Flexibility & Convenience,No,No,No,No,No,No,No,No,Closed by Horizzon,Worst,No,No,,Other Metro Cities,02.Medium,02.Medium,16,14,No,No,Email Opened,0.76834726,1
be2c9a90-01fe-48d4-9a4f-343406545b09,659619,Lead Import,Referral Sites,No,No,0,1,956,1.0,SMS Sent,UAE,Finance Management,Email,,Affordable Fees,No,No,No,No,No,No,No,No,Ringing,Might be,No,No,Lateral Student,Other Cities,02.Medium,01.High,13,15,No,No,Email Opened,0.09577274,0
6709445d-0581-4995-bc0a-35413828af33,659618,Lead Import,YouTube,No,No,0,3,848,3.0,Form Submitted on Website,United Kingdom,Rural and Agribusiness,Reference,Unemployed,Better Career Prospects,No,No,No,No,No,No,No,No,opp hangup,High in Relevance,No,No,Lateral Student,Thane & Outskirts,02.Medium,02.Medium,15,15,No,No,Olark Chat Conversation,0.375615,0
3d2187ad-36e7-4a62-b0f7-df22f87fb8c6,659617,Quick Add Form,Facebook,No,No,0,4,1460,4.0,Had a Phone Conversation,Saudi Arabia,Marketing Management,Other,Working Professional,Better Career Prospects,No,No,No,No,No,No,No,No,Already a student,Might be,No,No,Other Leads,,02.Medium,02.Medium,16,13,No,Yes,Email Opened,0.046144005,0
d8f9afa8-ff35-4b8c-bd50-06dfd2353580,659616,Lead Import,Olark Chat,No,No,0,12,942,12.0,SMS Sent,,IT Projects Management,Word Of Mouth,,Flexibility & Convenience,No,No,No,No,No,No,No,No,Already a student,Worst,No,No,Other Leads,Other Metro Cities,02.Medium,03.Low,16,9,No,No,Modified,0.027968064,0
bbfd62c2-8393-41ed-a170-fe348bee28e4,659615,Landing Page Submission,Olark Chat,No,No,1,7,855,7.0,Page Visited on Website,Singapore,Services Excellence,Online Search,,Flexibility & Convenience,No,No,No,No,No,No,No,No,Ringing,Worst,No,No,Potential Lead,Other Cities,02.Medium,03.Low,14,10,No,No,Page Visited on Website,0.0021533812,0
e2330cda-ed46-465c-a3d4-7450b9005c67,659614,API,Referral Sites,No,No,0,17,1440,5.55,Email Link Clicked,Singapore,Select,Student of SomeSchool,Businessman,,No,No,No,No,No,No,No,No,Diploma holder (Not Eligible),High in Relevance,No,No,Select,Other Cities of Maharashtra,,02.Medium,14,14,No,No,Email Link Clicked,0.057426214,0
de121602-34bd-4e8d-89e5-218a250a0e50,659613,Quick Add Form,Google,No,Yes,1,11,1620,11.0,Modified,,Healthcare Management,Online Search,,Affordable Fees,No,No,No,No,No,No,No,No,,Might be,No,No,Select,Mumbai,01.High,01.High,18,17,No,No,Modified,0.96246177,1
fb55f694-e00e-4e25-bec6-684600644192,659612,Landing Page Submission,Olark Chat,Yes,No,1,15,1384,15.0,SMS Sent,,Healthcare Management,Email,,Affordable Fees,No,No,No,No,No,No,No,No,Interested in other courses,Low in Relevance,No,No,Select,Other Cities of Maharashtra,02.Medium,02.Medium,16,12,No,No,Olark Chat Conversation,0.04199788,0
6769a8ca-d8e4-4bba-9466-fa3f5028bb51,659611,Lead Add Form,Google,No,Yes,1,4,124,4.0,Email Bounced,United States,Marketing Management,Online Search,Other,,No,No,No,No,No,No,No,No,Already a student,High in Relevance,No,No,Potential Lead,Thane & Outskirts,02.Medium,01.High,12,17,No,No,Modified,0.0024005077,0
7119f969-9914-426a-a76b-5203df97e02d,659610,Lead Import,Referral Sites,No,No,1,12,1080,12.0,Unsubscribed,United Kingdom,Marketing Management,Word Of Mouth,Businessman,Affordable Fees,No,No,No,No,No,No,No,No,number not provided,Not Sure,No,No,Potential Lead,Other Cities,01.High,02.Medium,18,16,No,No,Unsubscribed,0.97139907,1
ddb783d1-237e-4385-b30a-25972435d797,659609,Lead Import,YouTube,Yes,No,1,3,236,3.0,Email Opened,Kuwait,Rural and Agribusiness,Select,Working Professional,Affordable Fees,No,No,No,No,No,No,No,No,Busy,Might be,No,No,Lateral Student,Other Cities of Maharashtra,02.Medium,01.High,12,16,No,Yes,Email Opened,0.14366585,0
20a2c254-a42b-4220-850d-6ef950d36d0c,659608,Lead Import,Reference,No,No,0,11,58,11.0,Unreachable,Kuwait,Rural and Agribusiness,Select,,Quality Education,No,No,No,No,No,No,No,No,Diploma holder (Not Eligible),,No,No,Dual Specialization Student,Other Metro Cities,01.High,02.Medium,16,13,No,No,Unreachable,0.003015917,0
672fccbe-5ac8-4d55-a6be-9928c986fb8c,659607,API,Welingak Website,No,No,0,7,1525,7.0,Unsubscribed,India,Operations Management,Select,Student,Better Career Prospects,No,No,No,No,No,No,No,No,Busy,Low in Relevance,No,No,Lateral Student,,02.Medium,01.High,12,17,No,Yes,Unsubscribed,0.99905485,1
b0942db1-5010-4daf-aae0-6c9599856d81,659606,Landing Page Submission,Organic Search,No,No,1,7,912,7.0,Page Visited on Website,Oman,Services Excellence,Email,Businessman,Quality Education,No,No,No,No,No,No,No,No,Closed by Horizzon,Worst,No,No,Lateral Student,Mumbai,03.Low,02.Medium,13,14,No,Yes,Page Visited on Website,0.9970594,1
ede53534-00b0-4d8d-8b2f-cd4c146d9cfb,659605,API,Olark Chat,No,No,0,5,806,1.09,SMS Sent,India,Operations Management,Word Of Mouth,Student,Better Career Prospects,No,No,No,No,No,No,No,No,opp hangup,Worst,No,No,Dual Specialization Student,Mumbai,02.Medium,01.High,14,15,No,No,Email Opened,0.87574756,1
a1830fef-eb8f-4abf-bfee-60bf34678a09,659604,Lead Add Form,Direct Traffic,No,No,0,9,329,9.0,Page Visited on Website,Bahrain,Retail Management,Select,,Better Career Prospects,No,No,No,No,No,No,No,No,switched off,High in Relevance,No,No,Other Leads,Other Cities,02.Medium,02.Medium,14,12,No,Yes,Page Visited on Website,0.00034415102,0
2c342281-e41f-4971-8f68-65bb82c6e23c,659603,Landing Page Submission,Google,Yes,Yes,0,17,1615,17.0,Unreachable,Bahrain,Select,Online Search,Student,Better Career Prospects,No,No,No,No,No,No,No,No,Interested in other courses,Not Sure,No,No,Dual Specialization Student,Thane & Outskirts,02.Medium,02.Medium,15,16,No,Yes,Unreachable,0.10335952,0
fa1be71d-6152-4d62-b44d-21ebf214e002,659602,API,Reference,No,No,0,8,537,8.0,View in browser link Clicked,India,Hospitality Management,Other,Working Professional,Flexibility & Convenience,No,No,No,No,No,No,No,No,,,No,No,Other Leads,,03.Low,02.Medium,11,15,No,No,Email Opened,0.17269625,0
4f6242d2-4314-4e06-8fee-4de47b391644,659601,API,Reference,No,No,0,11,1420,6.48,Form Submitted on Website,Bahrain,Supply Chain Management,Other,Student,Flexibility & Convenience,No,No,No,No,No,No,No,No,Interested in other courses,Not Sure,No,No,Other Leads,Other Cities of Maharashtra,01.High,02.Medium,15,12,No,No,Olark Chat Conversation,0.015691279,0
605ee7fa-c1d5-4e1b-b14e-a995b81adf10,659600,Lead Import,Reference,No,No,0,11,677,11.0,Email Link Clicked,Qatar,IT Projects Management,Other,,Better Career Prospects,No,No,No,No,No,No,No,No,opp hangup,Might be,No,No,Select,Other Metro Cities,02.Medium,01.High,12,16,No,Yes,Email Link Clicked,0.02998584,0
ad627c44-7fde-4b9e-a0e7-62fb664a5aac,659599,Lead Add Form,Reference,No,No,0,11,1176,11.0,Email Link Clicked,Oman,International Business,Email,Student,Better Career Prospects,No,No,No,No,No,No,No,No,in touch with EINS,High in Relevance,No,No,,Thane & Outskirts,02.Medium,01.High,16,18,No,No,Email Link Clicked,0.04202346,0
ab438982-bc29-4518-9114-f51b24193946,659598,Landing Page Submission,Referral Sites,No,No,0,2,1210,2.0,Unsubscribed,Qatar,Human Resource Management,Select,,Quality Education,No,No,No,No,No,No,No,No,Busy,,No,No,Select,Other Cities of Maharashtra,03.Low,02.Medium,9,12,No,Yes,Unsubscribed,0.95089626,1
ec98edf6-da8a-4478-831b-5f83e48a1564,659597,API,Google,No,No,0,17,1618,6.6,Form Submitted on Website,United Kingdom,Business Administration,Select,Student,Quality Education,No,No,No,No,No,No,No,No,,Might be,No,No,,Mumbai,,02.Medium,12,15,No,No,Email Opened,0.98014635,1
c19c6247-c336-4aa7-87c8-61ea39cba270,659596,Landing Page Submission,Organic Search,No,No,1,3,1208,3.0,Unreachable,India,Operations Management,Reference,,Quality Education,No,No,No,No,No,No,No,No,Graduation in progress,High in Relevance,No,No,Potential Lead,Other Metro Cities,03.Low,02.Medium,11,12,No,No,Unreachable,0.7943248,1
77e3cea7-a835-49fa-a099-43df86be665b,659595,API,Olark Chat,No,No,1,14,868,14.0,Email Bounced,United Kingdom,E-COMMERCE,Student of SomeSchool,Unemployed,Better Career Prospects,No,No,No,No,No,No,No,No,,Worst,No,No,Potential Lead,Thane & Outskirts,01.High,02.Medium,15,14,No,No,Olark Chat Conversation,0.95215386,1
2cc6d429-0b68-4d09-b88f-0759b3656766,659594,Landing Page Submission,Referral Sites,Yes,No,0,7,1045,7.0,Email Opened,Bahrain,Healthcare Management,Multiple Sources,Student,Better Career Prospects,No,No,No,No,No,No,No,No,Busy,,No,No,Potential Lead,Thane & Outskirts,02.Medium,02.Medium,12,12,No,No,Email Opened,0.49807203,0
e88f7a3e-e225-4d43-84e7-7f342658b163,659593,Landing Page Submission,Olark Chat,No,No,0,16,1620,7.7,View in browser link Clicked,United States,Rural and Agribusiness,Email,Student,Better Career Prospects,No,No,No,No,No,No,No,No,Interested in other courses,Not Sure,No,No,Potential Lead,Thane & Outskirts,02.Medium,03.Low,15,11,No,No,Olark Chat Conversation,0.20109363,0
b6441d32-a6f6-4955-a140-52de5173ab05,659592,Landing Page Submission,YouTube,No,No,0,1,1646,1.0,Had a Phone Conversation,United States,Business Administration,Email,Businessman,Better Career Prospects,No,No,No,No,No,No,No,No,Graduation in progress,Worst,No,No,Dual Specialization Student,Other Cities of Maharashtra,01.High,02.Medium,18,12,No,Yes,Page Visited on Website,0.96862483,1
04888706-a318-4b26-b884-5af630c79fb6,659591,Lead Import,Welingak Website,No,No,1,10,852,10.0,Page Visited on Website,Oman,Hospitality Management,Email,Businessman,Quality Education,No,No,No,No,No,No,No,No,opp hangup,Low in Relevance,No,No,Lateral Student,,02.Medium,02.Medium,15,12,No,No,Page Visited on Website,0.8879996,1
b487fdf4-50ce-433d-a729-c640e4ad3c03,659590,Lead Add Form,Referral Sites,No,No,0,4,1165,4.0,View in browser link Clicked,,International Business,Other,Businessman,Better Career Prospects,No,No,No,No,No,No,No,No,Graduation in progress,,No,No,Other Leads,,02.Medium,02.Medium,14,16,No,No,Modified,0.25372586,0
49ced78a-7f03-4980-bd71-b49ac7cebe56,659589,Lead Add Form,Welingak Website,No,No,0,6,1755,6.0,SMS Sent,India,Select,Select,,Quality Education,No,No,No,No,No,No,No,No,Lost to EINS,High in Relevance,No,No,Dual Specialization Student,Other Cities,02.Medium,02.Medium,16,15,No,No,Olark Chat Conversation,0.9994479,1
34665c5b-579d-4b59-948e-ade6acc0e013,659588,Quick Add Form,Email,No,No,1,6,1485,6.0,Modified,United Kingdom,Operations Management,Other,Businessman,Flexibility & Convenience,No,No,No,No,No,No,No,No,,Worst,No,No,Lateral Student,Thane & Outskirts,03.Low,01.High,12,18,Yes,No,Modified,0.9830496,1
70fbff81-7c75-4814-b5a4-a3a8f523ffc6,659587,API,Olark Chat,No,No,0,4,1120,4.0,Page Visited on Website,Kuwait,Marketing Management,Online Search,Unemployed,Better Career Prospects,No,No,No,No,No,No,No,No,,Might be,No,No,,Other Cities,02.Medium,01.High,13,16,No,Yes,Page Visited on Website,0.37188327,0
5b799198-5911-4f69-aa87-6e1c7d072a9e,659586,Lead Import,YouTube,No,No,0,13,806,13.0,Page Visited on Website,,Media and Advertising,Email,Working Professional,,No,No,No,No,No,No,No,No,Ringing,Not Sure,No,No,Potential Lead,,01.High,01.High,15,18,No,No,Page Visited on Website,0.054863725,0
55fbaaed-f2c3-4e99-ab3d-46db1724bbfc,659585,API,YouTube,No,No,0,13,1435,13.0,Email Bounced,Qatar,E-COMMERCE,Word Of Mouth,,Affordable Fees,No,No,No,No,No,No,No,No,switched off,Worst,No,No,Dual Specialization Student,Mumbai,02.Medium,01.High,12,15,No,No,Email Opened,0.24585316,0
ebffefe5-87ff-42c8-83a5-c5161c31eb77,659584,Lead Add Form,Reference,Yes,No,1,11,1626,11.0,Email Opened,United Kingdom,International Business,Student of SomeSchool,,Flexibility & Convenience,No,No,No,No,No,No,No,No,number not provided,Not Sure,No,No,Lateral Student,Other Cities,01.High,,16,15,No,Yes,Email Opened,0.17801523,0
acf8ed5f-90c1-4a6a-be4f-3ef4aa275759,659583,Lead Add Form,Facebook,No,No,0,2,699,2.0,Had a Phone Conversation,,Select,Select,Businessman,,No,No,No,No,No,No,No,No,Closed by Horizzon,,No,No,Potential Lead,Other Metro Cities,02.Medium,,14,15,No,No,Olark Chat Conversation,0.97212607,1
d22dad3b-de2f-4d46-b955-fd3c74d2a075,659582,API,Welingak Website,No,No,0,11,1037,11.0,Had a Phone Conversation,United States,Hospitality Management,Online Search,Working Professional,Flexibility & Convenience,No,No,No,No,No,No,No,No,number not provided,,No,No,Select,Other Metro Cities,01.High,02.Medium,16,14,No,Yes,Modified,0.39896193,0
90863695-f93a-48d4-84dd-4ae44a5f02b8,659581,Landing Page Submission,Organic Search,Yes,No,1,2,1534,2.0,Page Visited on Website,,Supply Chain Management,Student of SomeSchool,Businessman,Flexibility & Convenience,No,No,No,No,No,No,No,No,switched off,Might be,No,Yes,Select,Thane & Outskirts,02.Medium,02.Medium,13,14,No,No,Page Visited on Website,0.048774805,0
767650df-bc91-4ffd-a40d-959b2aa0588e,659580,Landing Page Submission,Facebook,No,No,1,17,1044,17.0,Olark Chat Conversation,Bahrain,Finance Management,Select,Student,Affordable Fees,No,No,No,No,No,No,No,No,Diploma holder (Not Eligible),Worst,No,No,Select,,02.Medium,01.High,15,16,No,Yes,Unreachable,0.02409098,0
5475b671-8afa-4fcf-a7a8-d29a14a8275d,659579,API,Email,No,No,0,6,1569,6.0,Modified,Singapore,International Business,Select,Unemployed,Quality Education,No,No,No,No,No,No,No,No,number not provided,Might be,No,No,Lateral Student,Select,01.High,,16,14,No,Yes,Modified,0.08800049,0
d53e2f36-ca9e-4b62-9f6c-ee194c63bb48,659578,Lead Add Form,Reference,No,No,0,1,1248,1.0,Modified,United Kingdom,Select,Online Search,,Better Career Prospects,No,No,No,No,No,No,No,No,switched off,Low in Relevance,No,No,Potential Lead,,03.Low,03.Low,13,9,No,Yes,Modified,0.061871585,0
061b7094-71a2-4047-ae3b-eccc07a92fdb,659577,Lead Add Form,YouTube,Yes,No,1,14,596,14.0,Form Submitted on Website,,Select,Select,,,No,No,No,No,No,No,No,No,switched off,High in Relevance,No,No,Dual Specialization Student,Other Metro Cities,02.Medium,02.Medium,12,16,No,No,Modified,0.0009941307,0
2154f826-2459-495d-9322-a5d30a0de53e,659576,Landing Page Submission,Welingak Website,No,No,0,12,1324,12.0,Olark Chat Conversation,United Kingdom,Marketing Management,Reference,Student,Affordable Fees,No,No,No,No,No,No,No,No,Ringing,Not Sure,No,No,Dual Specialization Student,Mumbai,02.Medium,01.High,14,15,No,Yes,Page Visited on Website,0.8972025,1
1ff4f8e8-646b-4e80-898b-bb462fa1d8d2,659575,Lead Add Form,Welingak Website,No,No,0,3,1181,3.0,SMS Sent,Singapore,E-COMMERCE,Other,Businessman,Better Career Prospects,No,No,No,No,No,No,No,No,switched off,Worst,No,No,Dual Specialization Student,,02.Medium,01.High,16,15,No,No,Unreachable,0.95288587,1
0217b724-0625-47d1-ae56-523e6a29be45,659574,Landing Page Submission,Direct Traffic,No,No,1,17,183,17.0,Modified,Kuwait,Marketing Management,Student of SomeSchool,Working Professional,,No,No,No,No,No,No,No,No,Ringing,Low in Relevance,No,No,Other Leads,,01.High,,16,14,No,No,Modified,0.0027896052,0
5191f40d-48b1-49bd-b823-41f3bce54c94,659573,Quick Add Form,Referral Sites,No,No,0,5,656,5.0,SMS Sent,UAE,Services Excellence,Email,Student,,No,No,No,No,No,No,No,No,,,No,No,Lateral Student,,02.Medium,01.High,13,16,Yes,No,Unreachable,0.8547812,1
68899c55-6dfd-4738-ac10-51dd72096b7f,659572,Lead Add Form,Email,No,No,0,5,1363,5.0,Unreachable,India,Select,Student of SomeSchool,Student,Affordable Fees,No,No,No,No,No,No,No,No,,Low in Relevance,No,No,Potential Lead,Other Metro Cities,02.Medium,01.High,12,18,No,No,Unreachable,0.9476674,1
3e281dab-ef11-4d72-bad8-b66dcecc8a09,659571,Landing Page Submission,Olark Chat,No,No,0,17,1428,17.0,Had a Phone Conversation,,Select,Student of SomeSchool,Student,Better Career Prospects,No,No,No,No,No,No,No,No,Interested in other courses,Worst,No,No,Select,Other Cities of Maharashtra,02.Medium,02.Medium,13,14,No,No,Email Opened,0.08374183,0
636c5683-02a0-4604-a3e2-924b3877676d,659570,Quick Add Form,Reference,No,No,0,13,496,13.0,Had a Phone Conversation,Oman,Rural and Agribusiness,Online Search,,,No,No,No,No,No,No,No,No,,Might be,No,No,,,02.Medium,02.Medium,15,13,No,No,Page Visited on Website,0.3482504,0
fcb04e30-e0dc-4d59-a87d-bd90d3ca0915,659569,Landing Page Submission,Facebook,No,No,0,0,0,0.0,Email Link Clicked,United Kingdom,Business Administration,Online Search,Student,Better Career Prospects,No,No,No,No,No,No,No,No,Busy,,No,No,Lateral Student,Thane & Outskirts,,02.Medium,15,14,No,No,Email Link Clicked,0.39672732,0
88b33de7-892f-4a95-9e31-711b189ca03a,659568,Landing Page Submission,YouTube,No,Yes,1,2,554,2.0,Unsubscribed,India,Business Administration,Select,Other,Affordable Fees,No,No,No,No,No,No,No,No,Interested in other courses,Not Sure,No,No,Dual Specialization Student,Thane & Outskirts,02.Medium,02.Medium,16,15,No,No,Unsubscribed,0.31344885,0
eea49688-87c6-4fd4-920d-6e877fbd0678,659567,Quick Add Form,Welingak Website,No,No,1,2,1336,2.0,SMS Sent,Kuwait,E-COMMERCE,Multiple Sources,Other,Quality Education,No,No,No,No,No,No,No,No,Interested in other courses,Low in Relevance,No,No,Potential Lead,Other Metro Cities,03.Low,02.Medium,9,12,No,No,Email Opened,0.92483056,1
19d82b6d-689c-416e-b2c1-9188c797a78c,659566,Quick Add Form,Referral Sites,Yes,No,1,17,131,7.41,Unreachable,Qatar,Finance Management,Online Search,,Quality Education,No,No,No,No,No,No,No,No,Busy,Might be,No,No,,Mumbai,02.Medium,02.Medium,14,13,No,Yes,Unreachable,0.1513089,0
cbbd2475-d397-471f-bece-f8fa8677ec1a,659565,Landing Page Submission,Google,No,No,0,6,1244,6.69,Form Submitted on Website,United States,IT Projects Management,Online Search,Student,Affordable Fees,No,No,No,No,No,No,No,No,Busy,High in Relevance,No,Yes,Other Leads,Other Cities,02.Medium,02.Medium,12,13,No,Yes,Unreachable,0.9508592,1
9ff3a82e-830d-4c7c-8a3f-d553cf15d2b4,659564,Landing Page Submission,YouTube,No,No,0,5,686,5.0,View in browser link Clicked,Kuwait,E-COMMERCE,Reference,Other,Quality Education,No,No,No,No,No,No,No,No,opp hangup,Low in Relevance,No,No,Dual Specialization Student,Mumbai,03.Low,02.Medium,9,13,No,No,Olark Chat Conversation,0.136473,0
f468508d-035f-43ca-b452-ceb22a7bfc2d,659563,Lead Add Form,Welingak Website,No,No,0,17,843,17.0,Email Link Clicked,Oman,E-COMMERCE,Word Of Mouth,Unemployed,Affordable Fees,No,No,No,No,No,No,No,No,Diploma holder (Not Eligible),Low in Relevance,No,No,Dual Specialization Student,Mumbai,02.Medium,02.Medium,14,14,Yes,No,Email Link Clicked,0.9646569,1
4e482033-038a-4187-963c-8fc02cf4bb6c,659562,Lead Import,Referral Sites,No,No,0,15,1357,15.0,Modified,Oman,Finance Management,Online Search,,,No,No,No,No,No,No,No,No,Will revert after reading the email,High in Relevance,No,No,Other Leads,Mumbai,02.Medium,03.Low,13,9,No,No,Modified,0.9942888,1
c3822b2d-a40d-4e56-8d90-4badc12e9fe3,659561,Lead Import,Olark Chat,No,No,0,17,22,17.0,Email Link Clicked,Saudi Arabia,Healthcare Management,Reference,,Flexibility & Convenience,No,No,No,No,No,No,No,No,Closed by Horizzon,Might be,No,No,Lateral Student,,02.Medium,03.Low,16,10,No,No,Email Link Clicked,0.058643516,0
9035f54b-6010-4cea-9528-59827714f5e8,659560,API,Reference,No,No,0,13,356,2.55,Page Visited on Website,,Media and Advertising,Select,Working Professional,,No,No,No,No,No,No,No,No,Diploma holder (Not Eligible),Might be,No,No,Lateral Student,Thane & Outskirts,02.Medium,01.High,16,18,No,Yes,Page Visited on Website,0.018267378,0
9dd47a1f-1982-4981-ba9f-0b2bdee6a650,659559,API,Google,No,No,0,8,619,8.0,Email Bounced,Singapore,E-COMMERCE,Online Search,,,No,No,No,No,No,No,No,No,switched off,Might be,Yes,No,,Select,02.Medium,02.Medium,14,15,No,Yes,Email Opened,0.001940073,0
3e78182a-d2a4-446c-b758-b887b7c79a6d,659558,Quick Add Form,YouTube,No,No,0,1,1334,1.0,Email Bounced,Singapore,Services Excellence,Word Of Mouth,Businessman,Flexibility & Convenience,No,No,No,No,No,No,No,No,Interested in other courses,,No,No,Other Leads,Other Cities,02.Medium,01.High,16,15,Yes,No,Page Visited on Website,0.27346453,0
e48a24c7-f5fb-4b70-a6ac-59ae15743564,659557,Lead Add Form,Direct Traffic,No,No,0,9,518,9.0,Email Bounced,Singapore,Select,Select,Businessman,Quality Education,No,No,No,No,No,No,No,No,switched off,Not Sure,No,No,Potential Lead,Thane & Outskirts,01.High,01.High,18,17,No,No,Email Opened,0.0015998473,0
4d1e47b1-ccf3-4edf-8a94-28401a157db4,659556,Landing Page Submission,Google,No,No,0,11,429,11.0,Email Opened,UAE,Rural and Agribusiness,Select,Unemployed,Affordable Fees,No,No,No,No,No,No,No,No,Closed by Horizzon,,No,No,Dual Specialization Student,Other Cities of Maharashtra,01.High,02.Medium,17,12,No,Yes,Email Opened,0.9925436,1
68f8fe3e-bb7a-400b-8bc4-d01650e8370f,659555,API,Reference,No,No,0,16,526,16.0,Email Opened,Kuwait,Business Administration,Online Search,Student,,No,No,No,No,No,No,No,No,Interested in other courses,Worst,No,No,Select,Other Cities of Maharashtra,02.Medium,02.Medium,13,15,No,Yes,Email Opened,0.0015685144,0
75600478-458b-4a6c-9189-ae3859ccb605,659554,Lead Add Form,Referral Sites,No,No,0,0,0,0.0,Unreachable,Kuwait,Marketing Management,Word Of Mouth,,,No,No,No,No,No,No,No,No,Ringing,High in Relevance,No,No,,Other Cities of Maharashtra,01.High,01.High,16,15,No,No,Unreachable,0.00628778,0
9848b242-d348-4150-9316-6b141cfda91d,659553,Landing Page Submission,Reference,Yes,No,0,13,1232,13.0,Modified,United Kingdom,Operations Management,Reference,Student,Affordable Fees,No,No,No,No,No,No,No,No,Closed by Horizzon,,No,No,,Other Metro Cities,02.Medium,01.High,13,15,No,No,Modified,0.9658324,1
27716825-4e4e-4ca7-add6-f578d9a3cd59,659552,API,Reference,No,No,0,2,1219,2.0,Unsubscribed,India,Finance Management,Select,Student,Quality Education,No,No,No,No,No,No,No,No,Closed by Horizzon,High in Relevance,No,No,,Other Metro Cities,02.Medium,02.Medium,15,16,No,No,Unsubscribed,0.9988079,1
a71f94ef-0427-4e34-ba8b-a0636d9ea21e,659551,Quick Add Form,Referral Sites,No,No,0,5,1558,6.64,Email Bounced,Singapore,Select,Select,Working Professional,Quality Education,No,No,No,No,No,No,No,No,Will revert after reading the email,Not Sure,No,No,,Thane & Outskirts,02.Medium,02.Medium,16,16,No,No,Unreachable,0.99879944,1
b5f9b72e-148f-461a-93bc-3d1502d628bc,659550,Landing Page Submission,Reference,No,No,0,16,1453,16.0,Email Bounced,UAE,IT Projects Management,Email,Working Professional,,No,No,No,No,No,No,No,No,Busy,Worst,No,No,Select,Thane & Outskirts,02.Medium,01.High,16,16,No,No,Olark Chat Conversation,0.8406,1
eb8378df-96f7-4172-966a-57a174374551,659549,API,Email,No,No,0,13,1224,7.97,Page Visited on Website,United States,Media and Advertising,Multiple Sources,Student,,No,No,No,No,No,No,No,No,switched off,,No,No,Dual Specialization Student,,01.High,02.Medium,16,12,No,Yes,Page Visited on Website,0.0148232905,0
dcdb8330-8b5b-4a12-8246-9c9cf7863841,659548,Lead Add Form,Welingak Website,No,No,0,13,985,13.0,Olark Chat Conversation,,E-COMMERCE,Email,Unemployed,,No,No,No,No,No,No,No,No,switched off,Might be,No,No,Select,,,02.Medium,16,14,No,No,Unreachable,0.32516798,0
541b66df-9e6a-4b33-8b12-ce7a1a8fe7ed,659547,Landing Page Submission,Direct Traffic,No,No,0,0,0,0.0,Email Bounced,UAE,Select,Email,Other,Affordable Fees,No,No,No,No,No,No,No,No,Ringing,Low in Relevance,No,No,Potential Lead,,01.High,01.High,17,15,No,Yes,Modified,0.0025200094,0
6f24e27a-8e3e-4fb8-8ddc-fca2dc868d06,659546,API,Direct Traffic,No,No,0,16,833,1.81,Converted to Lead,,Retail Management,Online Search,,Affordable Fees,No,No,No,No,No,No,No,No,Interested in other courses,,No,No,Potential Lead,Thane & Outskirts,02.Medium,01.High,12,17,No,No,Modified,0.035931025,0
50e0b15a-672b-455f-98f4-16a45b96af84,659545,Quick Add Form,Referral Sites,No,No,0,8,130,8.0,Unsubscribed,Kuwait,Operations Management,Other,Businessman,,No,No,No,No,No,No,No,No,Graduation in progress,Not Sure,No,No,Select,Mumbai,,,16,15,No,Yes,Unsubscribed,0.069972575,0
8379ec87-bad7-47cd-8300-4a93f56abf8e,659544,Lead Import,Reference,No,No,0,6,1420,6.0,Modified,Kuwait,Healthcare Management,Other,,,No,No,No,No,No,No,No,No,Diploma holder (Not Eligible),,No,No,Select,Mumbai,02.Medium,02.Medium,15,13,No,Yes,Modified,0.014014046,0
a5639fed-02c9-4132-bd1a-f03e50dd8040,659543,Quick Add Form,Email,No,No,1,5,211,5.0,Page Visited on Website,UAE,Retail Management,Email,Businessman,Flexibility & Convenience,No,No,No,No,No,No,No,No,,Worst,No,No,Select,Thane & Outskirts,02.Medium,02.Medium,13,13,No,No,Page Visited on Website,0.17776728,0
82cf547d-d30d-4ac5-aa84-575697ded776,659542,API,Email,No,No,0,1,472,1.0,Had a Phone Conversation,Saudi Arabia,Marketing Management,Select,Businessman,Quality Education,No,No,No,No,No,No,No,No,Interested in other courses,High in Relevance,No,No,Select,Thane & Outskirts,02.Medium,,16,10,No,Yes,Modified,0.00286562,0
4b13595a-cf2f-4f86-a2ab-0bf9bd098303,659541,Landing Page Submission,Facebook,No,No,0,7,1393,7.0,Unsubscribed,Bahrain,Select,Student of SomeSchool,Student,,No,No,No,No,No,No,No,No,,Might be,No,No,Select,,01.High,02.Medium,18,13,No,Yes,Unsubscribed,0.7917356,1
3e1bd3c2-1474-426f-8859-40d0364b6f74,659540,Lead Add Form,Reference,No,No,1,1,1556,1.0,Olark Chat Conversation,,Retail Management,Other,,Affordable Fees,No,No,No,No,No,No,No,No,number not provided,Worst,No,No,Lateral Student,,02.Medium,02.Medium,14,13,No,No,Modified,0.020245222,0
061cf6eb-d41f-463b-95ef-a65e4230ada2,659539,Lead Import,Organic Search,Yes,No,1,4,1116,4.0,Page Visited on Website,Kuwait,Select,Online Search,Working Professional,Quality Education,No,No,No,No,No,No,No,No,in touch with EINS,Not Sure,No,No,Other Leads,Other Metro Cities,03.Low,03.Low,13,13,No,Yes,Page Visited on Website,0.14435622,0
9618aa58-9518-4719-ba90-a8a7864a4a23,659538,Landing Page Submission,Facebook,No,No,1,12,1476,1.78,Form Submitted on Website,Oman,Human Resource Management,Other,,Quality Education,No,No,No,No,No,No,No,No,Graduation in progress,,No,No,Dual Specialization Student,Other Cities of Maharashtra,02.Medium,01.High,14,15,No,No,Olark Chat Conversation,0.5287983,1
35c230f5-e41a-4e8a-8865-cd32cc79c0b0,659537,Lead Add Form,Reference,No,No,0,10,1217,10.0,Modified,Saudi Arabia,Rural and Agribusiness,Select,,,No,No,No,No,No,No,No,No,in touch with EINS,Might be,No,No,Other Leads,Mumbai,02.Medium,02.Medium,15,12,No,No,Modified,0.006467573,0
f90e0006-202c-4091-8210-188a11a5ce66,659536,Lead Import,Email,No,No,1,2,1312,2.0,View in browser link Clicked,,Marketing Management,Select,Student,Flexibility & Convenience,No,No,No,No,No,No,No,No,Lost to EINS,Not Sure,No,No,Potential Lead,,02.Medium,02.Medium,13,15,No,No,Unreachable,0.99753284,1
499e8923-4fed-4c78-b0d4-750e6af104b4,659535,Lead Import,Welingak Website,No,No,1,3,1099,3.0,Email Bounced,India,International Business,Email,Other,Better Career Prospects,No,No,No,No,No,No,No,No,opp hangup,,No,No,Other Leads,Other Cities,02.Medium,02.Medium,14,15,No,No,Page Visited on Website,0.7685118,1
f9cd1e97-d186-4985-9627-94f95cbacfe1,659534,Lead Add Form,Reference,No,No,0,11,1525,11.0,Had a Phone Conversation,,Retail Management,Online Search,Businessman,Affordable Fees,No,No,No,No,No,No,No,No,Already a student,Not Sure,No,No,Potential Lead,Other Cities of Maharashtra,02.Medium,01.High,16,18,No,No,Email Opened,0.2704542,0
64b73a2a-dc8c-4f53-9693-6aef0bd22714,659533,Lead Import,Welingak Website,No,No,0,9,44,9.0,Olark Chat Conversation,,Human Resource Management,Online Search,Businessman,Better Career Prospects,No,No,No,No,No,No,No,No,Diploma holder (Not Eligible),Low in Relevance,No,No,Select,Other Cities,02.Medium,01.High,12,18,No,No,Unreachable,0.16527364,0
18765e44-6118-4fc0-ad6e-8c089bfc2315,659532,Quick Add Form,Direct Traffic,No,No,0,4,1296,4.0,Converted to Lead,,Human Resource Management,Select,,Affordable Fees,No,No,No,No,No,No,No,No,Interested in other courses,,No,No,Potential Lead,Mumbai,02.Medium,01.High,16,15,No,No,Unreachable,0.36730874,0
deeafd2b-bb00-4bd5-b7fe-f34613fa812e,659531,Quick Add Form,Referral Sites,No,No,0,3,60,3.0,Olark Chat Conversation,India,Select,Word Of Mouth,Student,Flexibility & Convenience,No,No,No,No,No,No,No,No,Graduation in progress,Might be,No,No,Lateral Student,,02.Medium,02.Medium,15,14,No,No,Unreachable,0.06783012,0
7a74ef52-a2bd-4654-aac1-e0cd37fefb35,659530,Lead Add Form,Referral Sites,No,Yes,0,5,1750,6.59,Email Opened,Oman,Rural and Agribusiness,Online Search,Other,Quality Education,No,No,No,No,No,No,No,No,Will revert after reading the email,Worst,No,No,Select,,03.Low,03.Low,12,12,No,No,Email Opened,0.98981655,1
4c1b564a-67b5-4e77-998f-59d10f907e27,659529,API,YouTube,No,Yes,1,8,324,8.0,Had a Phone Conversation,Singapore,Retail Management,Select,Working Professional,Better Career Prospects,No,No,No,No,No,No,No,No,Graduation in progress,,No,No,Potential Lead,,02.Medium,01.High,14,17,No,No,Unreachable,0.23712781,0
d13d6907-80d0-4938-b2a3-b87b97a24b8b,659528,Landing Page Submission,Google,No,No,0,0,0,0.0,Email Link Clicked,Bahrain,Rural and Agribusiness,Word Of Mouth,Unemployed,,No,No,No,No,No,No,No,No,Lost to EINS,High in Relevance,No,No,Dual Specialization Student,Mumbai,02.Medium,02.Medium,14,13,No,No,Email Link Clicked,0.9934581,1
6afd7a3f-0cf3-4591-87c0-0efa38564350,659527,Lead Add Form,Referral Sites,No,No,0,9,467,2.63,Email Opened,United States,Business Administration,Reference,Unemployed,Better Career Prospects,No,No,No,No,No,No,No,No,Busy,,No,No,,Mumbai,01.High,01.High,18,18,No,No,Email Opened,0.82531637,1
7aa5236a-0229-4f15-856e-f62eb9d1c778,659526,Landing Page Submission,Facebook,Yes,No,1,0,0,0.0,Modified,Kuwait,Select,Online Search,,Better Career Prospects,No,No,No,No,No,No,No,No,in touch with EINS,,No,No,,Other Cities,02.Medium,,15,10,No,No,Modified,0.0026746488,0
11f2eacf-b2f6-48b3-b174-e5097889278f,659525,Landing Page Submission,Olark Chat,No,No,0,2,1638,2.0,Modified,Qatar,Select,Email,Student,,No,No,No,No,No,No,No,No,Diploma holder (Not Eligible),Not Sure,No,No,Lateral Student,Select,02.Medium,02.Medium,15,15,No,Yes,Modified,0.017301554,0
2064077a-bc58-4703-a8e1-53bc586bfce5,659524,API,Organic Search,No,Yes,0,8,91,8.0,Converted to Lead,Qatar,Healthcare Management,Online Search,Working Professional,Quality Education,No,No,No,No,No,No,No,No,Will revert after reading the email,High in Relevance,No,No,Potential Lead,Other Cities,02.Medium,01.High,12,17,No,No,Modified,0.9921788,1
b2fb2256-9058-460b-9e36-d7ad327560ba,659523,API,Organic Search,No,No,1,11,705,11.0,Form Submitted on Website,Saudi Arabia,Operations Management,Online Search,Businessman,Affordable Fees,No,No,No,No,No,No,No,No,,Not Sure,No,No,Other Leads,Other Cities of Maharashtra,02.Medium,03.Low,15,13,No,No,Unreachable,0.34340122,0
8361f592-9391-43bb-8923-c12098e05383,659522,Lead Import,Direct Traffic,No,Yes,1,5,598,7.12,Olark Chat Conversation,Kuwait,"Banking, Investment And Insurance",Word Of Mouth,Student,Quality Education,No,No,No,No,No,No,No,No,Lost to EINS,Worst,No,No,Potential Lead,,01.High,03.Low,15,9,No,No,Unreachable,0.98008454,1
96439c11-4061-4cc7-a5e0-de2bb02c2705,659521,API,Olark Chat,Yes,No,0,4,1351,4.0,Form Submitted on Website,United Kingdom,Services Excellence,Word Of Mouth,Other,Affordable Fees,No,No,No,No,No,No,No,No,,,No,No,Dual Specialization Student,Thane & Outskirts,02.Medium,02.Medium,15,16,No,No,Modified,0.3111325,0
a5d6b2ce-b554-4c44-9308-9c1e34b84fe3,659520,Quick Add Form,Reference,No,No,0,3,979,3.0,Email Opened,Singapore,Healthcare Management,Student of SomeSchool,Working Professional,,No,No,No,No,No,No,No,No,Interested in other courses,Worst,No,No,Lateral Student,Other Cities,01.High,02.Medium,15,14,No,No,Email Opened,0.15308231,0
8a577d8f-074b-4638-9d6b-c3acaa6025cd,659519,Lead Add Form,Google,No,No,0,9,1723,9.0,SMS Sent,Singapore,Supply Chain Management,Select,Other,Flexibility & Convenience,No,No,No,No,No,No,No,No,Closed by Horizzon,Low in Relevance,No,No,Lateral Student,,02.Medium,02.Medium,12,15,No,No,Modified,0.9947973,1
ef2bd759-b13a-4b87-89b9-82e48af3be2c,659518,Landing Page Submission,Direct Traffic,No,No,1,14,790,14.0,Form Submitted on Website,Qatar,Services Excellence,Student of SomeSchool,Other,Better Career Prospects,No,No,No,No,No,No,No,No,Already a student,High in Relevance,No,No,Other Leads,Other Cities,01.High,02.Medium,16,15,No,No,Unreachable,0.012695532,0
fe4a270b-bd27-4edc-af10-6d062d7aa002,659517,Landing Page Submission,Referral Sites,No,No,0,1,1064,1.0,Unreachable,India,Services Excellence,Select,Student,,No,No,No,No,No,No,No,No,Busy,Not Sure,No,No,Dual Specialization Student,Other Metro Cities,02.Medium,02.Medium,12,14,No,No,Unreachable,0.66716117,1
fc230793-729c-463c-8ab9-13d95f432087,659516,Quick Add Form,Referral Sites,No,No,1,8,898,8.0,Had a Phone Conversation,United Kingdom,Select,Email,Unemployed,Better Career Prospects,No,No,No,No,No,No,No,No,Lost to EINS,Low in Relevance,No,No,Select,Other Metro Cities,02.Medium,02.Medium,15,12,No,No,Unreachable,0.997914,1
db1f0922-89e4-4993-9d0b-c09c774d60b6,659515,Landing Page Submission,Welingak Website,No,Yes,0,13,1240,13.0,Email Opened,Oman,Retail Management,Student of SomeSchool,Working Professional,Quality Education,No,No,No,No,No,No,No,No,in touch with EINS,Worst,No,No,Select,Other Cities of Maharashtra,01.High,01.High,15,17,No,Yes,Email Opened,0.9805218,1
95e6b671-b600-4758-a6f7-fd642da01bef,659514,API,Referral Sites,No,No,1,2,899,2.0,SMS Sent,United States,Select,Other,,,No,No,No,No,No,No,No,No,Busy,Not Sure,No,No,Select,,01.High,03.Low,16,10,No,No,Page Visited on Website,0.7042033,1
71f5d17d-0941-490e-aaa4-70fa9143875b,659513,Quick Add Form,Email,No,No,0,0,0,0.0,Converted to Lead,United States,Select,Reference,Unemployed,Flexibility & Convenience,No,No,No,No,No,No,No,No,Interested in other courses,,No,No,Dual Specialization Student,,02.Medium,02.Medium,14,12,No,Yes,Unreachable,0.015363949,0
87dd4b74-4089-4140-b270-db2f00b80bed,659512,Quick Add Form,YouTube,No,No,1,14,163,14.0,Modified,India,Supply Chain Management,Word Of Mouth,Businessman,Affordable Fees,No,No,No,No,No,No,No,No,Graduation in progress,Not Sure,No,No,,Thane & Outskirts,02.Medium,01.High,13,15,No,No,Modified,0.031352267,0
fc544e65-770e-4ec1-8e9e-2c1cabd15da7,659511,Quick Add Form,Referral Sites,No,No,0,8,469,8.0,Unreachable,Kuwait,"Banking, Investment And Insurance",Online Search,Businessman,,No,No,No,No,No,No,No,No,Graduation in progress,High in Relevance,No,No,Other Leads,Other Metro Cities,02.Medium,02.Medium,12,13,No,No,Unreachable,0.20716901,0
63992efb-7d13-4f3e-8267-f6d46800a373,659510,Lead Add Form,Organic Search,No,No,0,12,1237,12.0,Form Submitted on Website,Bahrain,Select,Email,Businessman,Affordable Fees,No,No,No,No,No,No,No,No,Busy,High in Relevance,No,No,Lateral Student,Thane & Outskirts,,01.High,14,15,No,Yes,Unreachable,0.9667662,1
28273adb-ae19-49a9-8b7a-63325132ada4,659509,Landing Page Submission,Facebook,Yes,Yes,0,1,1734,1.0,Email Bounced,United States,Healthcare Management,Select,Student,,No,No,No,No,No,No,No,No,,Low in Relevance,No,No,Other Leads,Other Cities of Maharashtra,02.Medium,03.Low,13,12,No,Yes,Olark Chat Conversation,0.10523568,0
ab324f37-ea6f-4369-8963-9689b947cc0a,659508,Quick Add Form,Welingak Website,Yes,No,0,9,645,9.0,Modified,United Kingdom,E-COMMERCE,Select,Businessman,Flexibility & Convenience,No,No,No,No,No,No,No,No,Graduation in progress,Low in Relevance,No,No,,Thane & Outskirts,02.Medium,02.Medium,12,15,No,Yes,Modified,0.6721981,1
6c27aa24-1d79-478f-893d-28132c516401,659507,Quick Add Form,Referral Sites,Yes,No,1,6,1341,6.0,Email Opened,India,IT Projects Management,Online Search,Businessman,,No,No,No,No,No,No,No,No,number not provided,Low in Relevance,No,No,Potential Lead,Other Metro Cities,01.High,02.Medium,17,13,No,No,Email Opened,0.12024502,0
6ef06818-887e-4f39-a289-64fe70665331,659506,Lead Add Form,YouTube,No,No,1,8,1753,8.0,Email Link Clicked,Qatar,Supply Chain Management,Reference,Other,Flexibility & Convenience,No,No,No,No,No,No,No,No,Lost to EINS,High in Relevance,No,No,Potential Lead,,02.Medium,03.Low,14,13,No,No,Email Link Clicked,0.9961903,1
76dc4845-da7e-451b-9ee5-75bb1fdde6db,659505,Quick Add Form,Google,Yes,No,0,9,244,9.0,Email Bounced,United States,Operations Management,Other,Unemployed,Flexibility & Convenience,No,No,No,No,No,No,No,No,Will revert after reading the email,High in Relevance,No,No,Potential Lead,,01.High,01.High,16,16,No,No,Unreachable,0.96882993,1
530a1f6d-3842-45a3-8055-d0cc8b1853cc,659504,Lead Import,Google,No,No,1,3,1309,5.36,Modified,Saudi Arabia,IT Projects Management,Student of SomeSchool,,Quality Education,No,No,No,No,No,No,No,No,Graduation in progress,Not Sure,No,No,Select,Mumbai,02.Medium,01.High,12,15,No,No,Modified,0.027509283,0
be1ace7d-db62-4c6a-b6c8-d33426366db3,659503,Quick Add Form,Welingak Website,No,No,1,11,1673,11.0,Email Opened,Singapore,Healthcare Management,Select,Businessman,Better Career Prospects,No,No,No,No,No,No,No,No,Ringing,Not Sure,No,No,Dual Specialization Student,,03.Low,01.High,11,18,No,No,Email Opened,0.95101506,1
84f40279-61ae-43b5-9d4d-5d066cbb869b,659502,API,YouTube,Yes,No,0,9,312,9.0,Email Bounced,,Select,Select,,Quality Education,No,No,No,No,No,No,No,No,opp hangup,Not Sure,No,No,Dual Specialization Student,Thane & Outskirts,02.Medium,02.Medium,13,16,No,No,Email Opened,0.008717189,0
15fd558b-fd4e-46fb-9923-88606726a4f1,659501,API,Welingak Website,No,No,1,10,1395,10.0,Email Link Clicked,,Human Resource Management,Reference,Working Professional,Affordable Fees,No,No,No,No,No,No,No,No,Lost to EINS,High in Relevance,No,No,,Other Metro Cities,01.High,02.Medium,17,12,No,No,Email Link Clicked,0.9995828,1
